{"skeleton":{"hash":"qIpAp/67+ysx9jkRf+KotcGZcEU","spine":"3.8.99","images":"E:/企业微信/WXWork/1688856828405790/Cache/File/2024-03/shaizi/shaizi/","audio":"C:/Users/yf/Desktop/色子"},"bones":[{"name":"root"},{"name":"骨骼","parent":"root"}],"slots":[{"name":"1","bone":"骨骼"}],"skins":[{"name":"default","attachments":{"1":{"SaiZi00000":{"width":132,"height":130},"SaiZi00001":{"width":132,"height":130},"SaiZi00002":{"width":132,"height":130},"SaiZi00003":{"width":132,"height":130},"SaiZi00004":{"width":132,"height":130},"SaiZi00005":{"width":132,"height":130},"SaiZi00006":{"width":132,"height":130},"SaiZi00007":{"width":132,"height":130},"SaiZi00008":{"width":132,"height":130},"SaiZi00009":{"width":132,"height":130},"SaiZi00010":{"width":132,"height":130},"SaiZi00011":{"width":132,"height":130},"SaiZi00012":{"width":132,"height":130},"SaiZi00013":{"width":132,"height":130},"SaiZi00014":{"width":132,"height":130},"SaiZi00015":{"width":132,"height":130},"SaiZi00016":{"width":132,"height":130},"SaiZi00017":{"width":132,"height":130},"SaiZi00018":{"width":132,"height":130},"SaiZi00019":{"width":132,"height":130},"SaiZi00020":{"width":132,"height":130},"SaiZi00021":{"width":132,"height":130},"SaiZi00022":{"width":132,"height":130},"SaiZi00023":{"width":132,"height":130},"SaiZi00024":{"width":132,"height":130},"SaiZi00025":{"width":132,"height":130}}}}],"animations":{"01/01":{"slots":{"1":{"attachment":[{"name":"SaiZi00000"},{"time":0.0333,"name":"SaiZi00001"},{"time":0.0667,"name":"SaiZi00002"},{"time":0.1,"name":"SaiZi00003"},{"time":0.1333,"name":"SaiZi00004"},{"time":0.1667,"name":"SaiZi00005"},{"time":0.2,"name":"SaiZi00006"},{"time":0.2333,"name":"SaiZi00007"},{"time":0.2667,"name":"SaiZi00008"},{"time":0.3,"name":"SaiZi00009"},{"time":0.3333,"name":"SaiZi00010"},{"time":0.3667,"name":"SaiZi00011"},{"time":0.4,"name":"SaiZi00012"},{"time":0.4333,"name":"SaiZi00013"},{"time":0.4667,"name":"SaiZi00014"},{"time":0.5,"name":"SaiZi00015"},{"time":0.5333,"name":"SaiZi00016"},{"time":0.5667,"name":"SaiZi00006"},{"time":0.6,"name":"SaiZi00017"},{"time":0.6333,"name":"SaiZi00018"},{"time":0.6667,"name":"SaiZi00025"}]}}},"01/02":{"slots":{"1":{"attachment":[{"name":"SaiZi00000"},{"time":0.0333,"name":"SaiZi00001"},{"time":0.0667,"name":"SaiZi00002"},{"time":0.1,"name":"SaiZi00003"},{"time":0.1333,"name":"SaiZi00004"},{"time":0.1667,"name":"SaiZi00005"},{"time":0.2,"name":"SaiZi00006"},{"time":0.2333,"name":"SaiZi00007"},{"time":0.2667,"name":"SaiZi00008"},{"time":0.3,"name":"SaiZi00009"},{"time":0.3333,"name":"SaiZi00010"},{"time":0.3667,"name":"SaiZi00011"},{"time":0.4,"name":"SaiZi00012"},{"time":0.4333,"name":"SaiZi00013"},{"time":0.4667,"name":"SaiZi00014"},{"time":0.5,"name":"SaiZi00015"},{"time":0.5333,"name":"SaiZi00016"},{"time":0.5667,"name":"SaiZi00006"},{"time":0.6,"name":"SaiZi00017"},{"time":0.6333,"name":"SaiZi00018"},{"time":0.6667,"name":"SaiZi00000"}]}}},"01/03":{"slots":{"1":{"attachment":[{"name":"SaiZi00000"},{"time":0.0333,"name":"SaiZi00001"},{"time":0.0667,"name":"SaiZi00002"},{"time":0.1,"name":"SaiZi00003"},{"time":0.1333,"name":"SaiZi00004"},{"time":0.1667,"name":"SaiZi00005"},{"time":0.2,"name":"SaiZi00006"},{"time":0.2333,"name":"SaiZi00007"},{"time":0.2667,"name":"SaiZi00008"},{"time":0.3,"name":"SaiZi00009"},{"time":0.3333,"name":"SaiZi00010"},{"time":0.3667,"name":"SaiZi00011"},{"time":0.4,"name":"SaiZi00012"},{"time":0.4333,"name":"SaiZi00013"},{"time":0.4667,"name":"SaiZi00014"},{"time":0.5,"name":"SaiZi00015"},{"time":0.5333,"name":"SaiZi00016"},{"time":0.5667,"name":"SaiZi00006"},{"time":0.6,"name":"SaiZi00017"},{"time":0.6333,"name":"SaiZi00018"},{"time":0.6667,"name":"SaiZi00022"}]}}},"01/04":{"slots":{"1":{"attachment":[{"name":"SaiZi00000"},{"time":0.0333,"name":"SaiZi00001"},{"time":0.0667,"name":"SaiZi00002"},{"time":0.1,"name":"SaiZi00003"},{"time":0.1333,"name":"SaiZi00004"},{"time":0.1667,"name":"SaiZi00005"},{"time":0.2,"name":"SaiZi00006"},{"time":0.2333,"name":"SaiZi00007"},{"time":0.2667,"name":"SaiZi00008"},{"time":0.3,"name":"SaiZi00009"},{"time":0.3333,"name":"SaiZi00010"},{"time":0.3667,"name":"SaiZi00011"},{"time":0.4,"name":"SaiZi00012"},{"time":0.4333,"name":"SaiZi00013"},{"time":0.4667,"name":"SaiZi00014"},{"time":0.5,"name":"SaiZi00015"},{"time":0.5333,"name":"SaiZi00016"},{"time":0.5667,"name":"SaiZi00006"},{"time":0.6,"name":"SaiZi00017"},{"time":0.6333,"name":"SaiZi00018"},{"time":0.6667,"name":"SaiZi00021"}]}}},"01/05":{"slots":{"1":{"attachment":[{"name":"SaiZi00000"},{"time":0.0333,"name":"SaiZi00001"},{"time":0.0667,"name":"SaiZi00002"},{"time":0.1,"name":"SaiZi00003"},{"time":0.1333,"name":"SaiZi00004"},{"time":0.1667,"name":"SaiZi00005"},{"time":0.2,"name":"SaiZi00006"},{"time":0.2333,"name":"SaiZi00007"},{"time":0.2667,"name":"SaiZi00008"},{"time":0.3,"name":"SaiZi00009"},{"time":0.3333,"name":"SaiZi00010"},{"time":0.3667,"name":"SaiZi00011"},{"time":0.4,"name":"SaiZi00012"},{"time":0.4333,"name":"SaiZi00013"},{"time":0.4667,"name":"SaiZi00014"},{"time":0.5,"name":"SaiZi00015"},{"time":0.5333,"name":"SaiZi00016"},{"time":0.5667,"name":"SaiZi00006"},{"time":0.6,"name":"SaiZi00017"},{"time":0.6333,"name":"SaiZi00018"},{"time":0.6667,"name":"SaiZi00023"}]}}},"01/06":{"slots":{"1":{"attachment":[{"name":"SaiZi00000"},{"time":0.0333,"name":"SaiZi00001"},{"time":0.0667,"name":"SaiZi00002"},{"time":0.1,"name":"SaiZi00003"},{"time":0.1333,"name":"SaiZi00004"},{"time":0.1667,"name":"SaiZi00005"},{"time":0.2,"name":"SaiZi00006"},{"time":0.2333,"name":"SaiZi00007"},{"time":0.2667,"name":"SaiZi00008"},{"time":0.3,"name":"SaiZi00009"},{"time":0.3333,"name":"SaiZi00010"},{"time":0.3667,"name":"SaiZi00011"},{"time":0.4,"name":"SaiZi00012"},{"time":0.4333,"name":"SaiZi00013"},{"time":0.4667,"name":"SaiZi00014"},{"time":0.5,"name":"SaiZi00015"},{"time":0.5333,"name":"SaiZi00016"},{"time":0.5667,"name":"SaiZi00006"},{"time":0.6,"name":"SaiZi00017"},{"time":0.6333,"name":"SaiZi00018"},{"time":0.6667,"name":"SaiZi00024"}]}}}}}