{"skeleton":{"hash":"rZQPjjeozEy9ZvDZupTFtohHi8A","spine":"3.8.75","x":-1905.54,"y":-683.73,"width":3840,"height":3840,"images":"","audio":"G:/spine动画/雷神/屏幕雨滴"},"bones":[{"name":"root","y":-1.82},{"name":"tx","parent":"root","length":262.21},{"name":"tx2","parent":"tx","length":262.21,"x":-313.24},{"name":"tx4","parent":"tx","length":262.21,"x":870.44,"y":402.48},{"name":"tx5","parent":"tx","length":262.21,"x":150.84,"y":-222.9},{"name":"tx6","parent":"tx","length":262.21,"x":-403.17,"y":-396.41},{"name":"tx7","parent":"tx","length":262.21,"x":100.55,"y":-396.41,"scaleX":0.5,"scaleY":0.5},{"name":"tx8","parent":"tx","length":262.21,"x":395.52,"y":297.04,"scaleX":0.7,"scaleY":0.7},{"name":"tx9","parent":"tx","length":262.21,"x":-477.9,"y":297.04},{"name":"tx10","parent":"tx","length":262.21,"x":-95.12,"y":297.04,"scaleX":0.7,"scaleY":0.7},{"name":"tx11","parent":"tx","length":262.21,"x":451.72,"y":-503.47},{"name":"tx12","parent":"tx","length":262.21,"x":451.72,"y":-503.47},{"name":"tx13","parent":"tx","length":262.21,"x":492.12,"y":67.25},{"name":"tx14","parent":"tx","length":262.21,"x":-230.31,"y":-257.39},{"name":"tx15","parent":"tx","length":262.21,"x":913.11,"y":-210.61,"scaleX":0.5,"scaleY":0.5},{"name":"tx16","parent":"tx","length":262.21,"x":1130.54,"y":219.57,"scaleX":0.8,"scaleY":0.8},{"name":"tx17","parent":"tx","length":262.21,"x":-514.36,"y":-140.43,"scaleX":0.7,"scaleY":0.7},{"name":"tx18","parent":"tx","length":262.21,"x":510.96,"y":-242.2,"scaleX":0.7,"scaleY":0.7},{"name":"tx3","parent":"tx","length":262.21,"x":-424.26,"y":159.7,"scaleX":0.5,"scaleY":0.5},{"name":"tx19","parent":"tx","length":262.21,"x":-10.07,"y":110.17,"scaleX":1.5,"scaleY":1.5},{"name":"tx20","parent":"tx","length":262.21,"x":-990.87,"y":-204.26,"scaleX":1.5,"scaleY":2},{"name":"tx21","parent":"tx","length":262.21,"x":-230.31,"y":-257.39,"scaleX":0.5,"scaleY":0.5},{"name":"tx22","parent":"tx","length":262.21,"x":1134.41,"y":-324.29,"scaleX":0.5,"scaleY":0.5},{"name":"tx23","parent":"tx","length":262.21,"x":348.54,"y":-67.42,"scaleX":0.5,"scaleY":0.5},{"name":"tx24","parent":"tx","length":262.21,"x":-498.01,"y":-292.88,"scaleX":0.5,"scaleY":0.5},{"name":"tx25","parent":"tx","length":262.21,"x":-723.24,"y":173.45,"scaleX":0.5,"scaleY":0.7},{"name":"tx26","parent":"tx","length":262.21,"x":956.82,"y":-105.21,"scaleX":0.5,"scaleY":0.5},{"name":"tx27","parent":"tx","length":262.21,"x":397.54,"y":-331.41,"scaleX":0.5,"scaleY":0.5},{"name":"tx28","parent":"tx","length":262.21,"x":393.9,"y":-79.5,"scaleX":0.5,"scaleY":0.5},{"name":"tx29","parent":"tx","length":262.21,"x":-481.73,"y":54.74,"scaleX":0.5,"scaleY":0.5},{"name":"tx30","parent":"tx","length":262.21,"x":-949.3,"y":312.01,"scaleX":0.5,"scaleY":0.5},{"name":"tx31","parent":"tx","length":262.21,"x":314.41,"y":-305.12,"scaleX":0.2,"scaleY":0.2},{"name":"tx32","parent":"tx","length":262.21,"x":-358.7,"y":254.95,"scaleX":0.2,"scaleY":0.2},{"name":"tx33","parent":"tx","length":262.21,"x":-388.13,"y":-480.47,"scaleX":0.2,"scaleY":0.2},{"name":"tx34","parent":"tx","length":262.21,"x":56.02,"y":-467.82,"scaleX":0.3,"scaleY":0.3},{"name":"tx35","parent":"tx","length":262.21,"x":462.75,"y":226.87,"scaleX":0.3,"scaleY":0.3},{"name":"tx36","parent":"tx","length":262.21,"x":295.9,"y":-140.43,"scaleX":0.2,"scaleY":0.2},{"name":"tx37","parent":"tx","length":262.21,"x":-293.73,"y":102.26,"scaleX":0.2,"scaleY":0.2},{"name":"tx38","parent":"tx","length":262.21,"x":284.65,"y":-479.27,"scaleX":0.5,"scaleY":0.5},{"name":"tx39","parent":"tx","length":262.21,"x":734.94,"y":-303.64,"scaleX":0.5,"scaleY":0.5},{"name":"shangdian4","parent":"root","length":440.93,"x":14.46,"y":1238.09,"scaleX":30,"scaleY":30},{"name":"shangdian5","parent":"root","length":440.93,"x":-544.88,"y":973.26,"scaleX":30,"scaleY":30}],"slots":[{"name":"01","bone":"tx2","attachment":"01","blend":"additive"},{"name":"16","bone":"tx3","attachment":"01","blend":"additive"},{"name":"17","bone":"tx19","attachment":"01","blend":"additive"},{"name":"36","bone":"tx38","attachment":"01","blend":"additive"},{"name":"37","bone":"tx39","attachment":"01","blend":"additive"},{"name":"1","bone":"tx4","attachment":"02","blend":"additive"},{"name":"35","bone":"tx37","attachment":"02","blend":"additive"},{"name":"24","bone":"tx26","attachment":"02","blend":"additive"},{"name":"2","bone":"tx5","attachment":"03","blend":"additive"},{"name":"26","bone":"tx28","attachment":"03","blend":"additive"},{"name":"27","bone":"tx29","attachment":"03","blend":"additive"},{"name":"3","bone":"tx6","attachment":"04","blend":"additive"},{"name":"22","bone":"tx24","attachment":"04","blend":"additive"},{"name":"4","bone":"tx7","attachment":"05","blend":"additive"},{"name":"33","bone":"tx35","attachment":"05","blend":"additive"},{"name":"23","bone":"tx25","attachment":"05","blend":"additive"},{"name":"5","bone":"tx8","attachment":"06","blend":"additive"},{"name":"20","bone":"tx22","attachment":"06","blend":"additive"},{"name":"31","bone":"tx33","attachment":"06","blend":"additive"},{"name":"6","bone":"tx9","attachment":"07","blend":"additive"},{"name":"18","bone":"tx20","attachment":"07","blend":"additive"},{"name":"7","bone":"tx10","attachment":"08","blend":"additive"},{"name":"32","bone":"tx34","attachment":"08","blend":"additive"},{"name":"8","bone":"tx11","attachment":"09","blend":"additive"},{"name":"15","bone":"tx18","attachment":"09","blend":"additive"},{"name":"9","bone":"tx12","attachment":"10","blend":"additive"},{"name":"10","bone":"tx13","attachment":"11","blend":"additive"},{"name":"25","bone":"tx27","attachment":"11","blend":"additive"},{"name":"30","bone":"tx32","attachment":"11","blend":"additive"},{"name":"14","bone":"tx17","attachment":"11","blend":"additive"},{"name":"34","bone":"tx36","attachment":"11","blend":"additive"},{"name":"11","bone":"tx14","attachment":"12","blend":"additive"},{"name":"21","bone":"tx23","attachment":"12","blend":"additive"},{"name":"19","bone":"tx21","attachment":"12","blend":"additive"},{"name":"28","bone":"tx30","attachment":"12","blend":"additive"},{"name":"29","bone":"tx31","attachment":"12","blend":"additive"},{"name":"12","bone":"tx15","attachment":"13","blend":"additive"},{"name":"13","bone":"tx16","attachment":"14","blend":"additive"},{"name":"guang6","bone":"shangdian4","color":"ffdd6100","attachment":"guang","blend":"additive"},{"name":"guang7","bone":"shangdian5","color":"ffdd6100","attachment":"guang","blend":"additive"}],"skins":[{"name":"default","attachments":{"22":{"04":{"type":"mesh","uvs":[1,1,0,1,0,0,1,0],"triangles":[1,2,3,1,3,0],"vertices":[11,-42.43,-11,-42.43,-11,14.57,11,14.57],"hull":4,"edges":[0,2,2,4,4,6,0,6],"width":22,"height":57}},"01":{"01":{"type":"mesh","uvs":[1,1,0,1,0,0,1,0],"triangles":[1,2,3,1,3,0],"vertices":[4.2,-34.64,-16.84,-25.35,-1.49,9.42,19.55,0.13],"hull":4,"edges":[0,2,2,4,4,6,0,6],"width":23,"height":38}},"24":{"02":{"y":10.28,"width":30,"height":97}},"25":{"11":{"x":0.5,"y":0.5,"width":29,"height":101}},"26":{"03":{"y":-21.8,"width":24,"height":53}},"27":{"03":{"y":-21.8,"width":24,"height":53}},"28":{"12":{"width":28,"height":48}},"29":{"12":{"width":28,"height":48}},"14":{"11":{"type":"mesh","uvs":[1,1,0,1,0,0,1,0],"triangles":[1,2,3,1,3,0],"vertices":[15,-50,-14,-50,-14,51,15,51],"hull":4,"edges":[0,2,2,4,4,6,0,6],"width":29,"height":101}},"32":{"08":{"width":48,"height":40}},"guang7":{"guang":{"type":"mesh","uvs":[1,1,0,1,0,0,1,0],"triangles":[1,2,3,1,3,0],"vertices":[32,-19.2,-32,-19.2,-32,19.2,32,19.2],"hull":4,"edges":[0,2,2,4,4,6,0,6],"width":128,"height":128}},"11":{"12":{"type":"mesh","uvs":[1,1,0,1,0,0,1,0],"triangles":[1,2,3,1,3,0],"vertices":[14,-24,-14,-24,-14,24,14,24],"hull":4,"edges":[0,2,2,4,4,6,0,6],"width":28,"height":48}},"7":{"08":{"type":"mesh","uvs":[1,1,0,1,0,0,1,0],"triangles":[1,2,3,1,3,0],"vertices":[24,-20,-24,-20,-24,20,24,20],"hull":4,"edges":[0,2,2,4,4,6,0,6],"width":48,"height":40}},"12":{"13":{"type":"mesh","uvs":[1,1,0,1,0,0,1,0],"triangles":[1,2,3,1,3,0],"vertices":[15,-23,-14,-23,-14,23,15,23],"hull":4,"edges":[0,2,2,4,4,6,0,6],"width":29,"height":46}},"15":{"09":{"type":"mesh","uvs":[1,1,0,1,0,0,1,0],"triangles":[1,2,3,1,3,0],"vertices":[16,-30,-15,-30,-15,30,16,30],"hull":4,"edges":[0,2,2,4,4,6,0,6],"width":31,"height":60}},"guang6":{"guang":{"type":"mesh","uvs":[1,1,0,1,0,0,1,0],"triangles":[1,2,3,1,3,0],"vertices":[64,-64,-64,-64,-64,64,64,64],"hull":4,"edges":[0,2,2,4,4,6,0,6],"width":128,"height":128}},"30":{"11":{"x":0.5,"y":0.5,"width":29,"height":101}},"31":{"06":{"x":0.5,"width":43,"height":56}},"10":{"11":{"type":"mesh","uvs":[1,1,0,1,0,0,1,0],"triangles":[1,2,3,1,3,0],"vertices":[15,-50,-14,-50,-14,51,15,51],"hull":4,"edges":[0,2,2,4,4,6,0,6],"width":29,"height":101}},"33":{"05":{"x":0.5,"width":37,"height":48}},"34":{"11":{"x":0.5,"y":0.5,"width":29,"height":101}},"35":{"02":{"y":10.28,"width":30,"height":97}},"36":{"01":{"x":1.36,"y":-12.61,"rotation":-23.81,"width":23,"height":38}},"37":{"01":{"x":1.36,"y":-12.61,"rotation":-23.81,"width":23,"height":38}},"16":{"01":{"type":"mesh","uvs":[1,1,0,1,0,0,1,0],"triangles":[1,2,3,1,3,0],"vertices":[4.2,-34.64,-16.84,-25.35,-1.49,9.42,19.55,0.13],"hull":4,"edges":[0,2,2,4,4,6,0,6],"width":23,"height":38}},"17":{"01":{"type":"mesh","uvs":[1,1,0,1,0,0,1,0],"triangles":[1,2,3,1,3,0],"vertices":[2.78,-30.23,-7.74,-22.8,-0.07,5.01,10.45,-2.42],"hull":4,"edges":[0,2,2,4,4,6,0,6],"width":23,"height":38}},"18":{"07":{"type":"mesh","uvs":[1,1,0,1,0,0,1,0],"triangles":[1,2,3,1,3,0],"vertices":[10,-16,-9,-16,-9,16,10,16],"hull":4,"edges":[0,2,2,4,4,6,0,6],"width":19,"height":32}},"19":{"12":{"type":"mesh","uvs":[1,1,0,1,0,0,1,0],"triangles":[1,2,3,1,3,0],"vertices":[14,-24,-14,-24,-14,24,14,24],"hull":4,"edges":[0,2,2,4,4,6,0,6],"width":28,"height":48}},"1":{"02":{"type":"mesh","uvs":[1,1,0,1,0,0,1,0],"triangles":[1,2,3,1,3,0],"vertices":[15,-38.22,-15,-38.22,-15,58.78,15,58.78],"hull":4,"edges":[0,2,2,4,4,6,0,6],"width":30,"height":97}},"2":{"03":{"type":"mesh","uvs":[1,1,0,1,0,0,1,0],"triangles":[1,2,3,1,3,0],"vertices":[12,-48.3,-12,-48.3,-12,4.7,12,4.7],"hull":4,"edges":[0,2,2,4,4,6,0,6],"width":24,"height":53}},"3":{"04":{"type":"mesh","uvs":[1,1,0,1,0,0,1,0],"triangles":[1,2,3,1,3,0],"vertices":[11,-42.43,-11,-42.43,-11,14.57,11,14.57],"hull":4,"edges":[0,2,2,4,4,6,0,6],"width":22,"height":57}},"4":{"05":{"type":"mesh","uvs":[1,1,0,1,0,0,1,0],"triangles":[1,2,3,1,3,0],"vertices":[19,-24,-18,-24,-18,24,19,24],"hull":4,"edges":[0,2,2,4,4,6,0,6],"width":37,"height":48}},"5":{"06":{"type":"mesh","uvs":[1,1,0,1,0,0,1,0],"triangles":[1,2,3,1,3,0],"vertices":[22,-28,-21,-28,-21,28,22,28],"hull":4,"edges":[0,2,2,4,4,6,0,6],"width":43,"height":56}},"6":{"07":{"type":"mesh","uvs":[1,1,0,1,0,0,1,0],"triangles":[1,2,3,1,3,0],"vertices":[10,-16,-9,-16,-9,16,10,16],"hull":4,"edges":[0,2,2,4,4,6,0,6],"width":19,"height":32}},"23":{"05":{"x":0.5,"width":37,"height":48}},"8":{"09":{"type":"mesh","uvs":[1,1,0,1,0,0,1,0],"triangles":[1,2,3,1,3,0],"vertices":[16,-30,-15,-30,-15,30,16,30],"hull":4,"edges":[0,2,2,4,4,6,0,6],"width":31,"height":60}},"9":{"10":{"type":"mesh","uvs":[1,1,0,1,0,0,1,0],"triangles":[1,2,3,1,3,0],"vertices":[14,-23,-13,-23,-13,24,14,24],"hull":4,"edges":[0,2,2,4,4,6,0,6],"width":27,"height":47}},"13":{"14":{"type":"mesh","uvs":[1,1,0,1,0,0,1,0],"triangles":[1,2,3,1,3,0],"vertices":[19,-80,-18,-80,-18,80,19,80],"hull":4,"edges":[0,2,2,4,4,6,0,6],"width":37,"height":160}},"20":{"06":{"type":"mesh","uvs":[1,1,0,1,0,0,1,0],"triangles":[1,2,3,1,3,0],"vertices":[22,-28,-21,-28,-21,28,22,28],"hull":4,"edges":[0,2,2,4,4,6,0,6],"width":43,"height":56}},"21":{"12":{"type":"mesh","uvs":[1,1,0,1,0,0,1,0],"triangles":[1,2,3,1,3,0],"vertices":[14,-24,-14,-24,-14,24,14,24],"hull":4,"edges":[0,2,2,4,4,6,0,6],"width":28,"height":48}}}}],"animations":{"animation":{"slots":{"19":{"color":[{"color":"ffffff00","curve":"stepped"},{"time":0.3667,"color":"ffffff00"},{"time":0.4667,"color":"ffffffff","curve":"stepped"},{"time":1.0667,"color":"ffffffff"},{"time":1.5667,"color":"ffffff00"}]},"28":{"color":[{"color":"ffffff00"},{"time":0.2968,"color":"ffffffff","curve":"stepped"},{"time":0.9612,"color":"ffffffff"},{"time":1.4667,"color":"ffffff00"}]},"01":{"color":[{"color":"ffffff00"},{"time":0.0667,"color":"ffffffff","curve":"stepped"},{"time":0.6,"color":"ffffffff"},{"time":1.1333,"color":"ffffff00"}]},"36":{"color":[{"color":"ffffff00","curve":"stepped"},{"time":2.8333,"color":"ffffff00"},{"time":2.9333,"color":"ffffffff","curve":"stepped"},{"time":3.5333,"color":"ffffffff"},{"time":3.9667,"color":"ffffff00"}]},"3":{"color":[{"color":"ffffff5d"},{"time":0.3667,"color":"ffffff00","curve":"stepped"},{"time":3.8,"color":"ffffff00"},{"time":4,"color":"ffffffff"},{"time":4.6333,"color":"ffffff5d"}]},"7":{"color":[{"color":"ffffff00","curve":"stepped"},{"time":3.4333,"color":"ffffff00"},{"time":3.5333,"color":"ffffffff","curve":"stepped"},{"time":4.1333,"color":"ffffffff"},{"time":4.6333,"color":"ffffff00"}]},"29":{"color":[{"color":"ffffff00"},{"time":0.2968,"color":"ffffffff","curve":"stepped"},{"time":0.9612,"color":"ffffffff"},{"time":1.4667,"color":"ffffff00"}]},"15":{"color":[{"color":"ffffff88"},{"time":0.2667,"color":"ffffff00","curve":"stepped"},{"time":3.7,"color":"ffffff00"},{"time":3.8,"color":"ffffffff","curve":"stepped"},{"time":4.4,"color":"ffffffff"},{"time":4.6333,"color":"ffffff88"}]},"37":{"color":[{"color":"ffffff00","curve":"stepped"},{"time":2.8333,"color":"ffffff00"},{"time":2.9333,"color":"ffffffff","curve":"stepped"},{"time":3.5333,"color":"ffffffff"},{"time":3.9667,"color":"ffffff00"}]},"25":{"color":[{"color":"ffffff00"},{"time":0.1,"color":"ffffffff","curve":"stepped"},{"time":0.7,"color":"ffffffff"},{"time":1.2,"color":"ffffff00"}]},"34":{"color":[{"color":"ffffff00","curve":"stepped"},{"time":2.7333,"color":"ffffff00"},{"time":2.8333,"color":"ffffffff","curve":"stepped"},{"time":3.4333,"color":"ffffffff"},{"time":3.9333,"color":"ffffff00"}]},"10":{"color":[{"color":"ffffffdd"},{"time":0.4333,"color":"ffffff00","curve":"stepped"},{"time":3.8667,"color":"ffffff00"},{"time":3.9667,"color":"ffffffff","curve":"stepped"},{"time":4.5667,"color":"ffffffff"},{"time":4.6333,"color":"ffffffdd"}]},"32":{"color":[{"color":"ffffff00","curve":"stepped"},{"time":3.4333,"color":"ffffff00"},{"time":3.5333,"color":"ffffffff","curve":"stepped"},{"time":4.1333,"color":"ffffffff"},{"time":4.6333,"color":"ffffff00"}]},"33":{"color":[{"color":"ffffff00","curve":"stepped"},{"time":1.9333,"color":"ffffff00"},{"time":2.1333,"color":"ffffffff","curve":"stepped"},{"time":2.6333,"color":"ffffffff"},{"time":3.1333,"color":"ffffff00"}]},"20":{"color":[{"color":"ffffff00","curve":"stepped"},{"time":2.1667,"color":"ffffff00"},{"time":2.2667,"color":"ffffffff","curve":"stepped"},{"time":2.8667,"color":"ffffffff"},{"time":3.3667,"color":"ffffff00"}]},"18":{"color":[{"color":"ffffff00","curve":"stepped"},{"time":1.2667,"color":"ffffff00"},{"time":1.3667,"color":"ffffffff","curve":"stepped"},{"time":1.9667,"color":"ffffffff"},{"time":2.4667,"color":"ffffff00"}]},"12":{"color":[{"color":"ffffff00","curve":"stepped"},{"time":0.9333,"color":"ffffff00"},{"time":1.0333,"color":"ffffffff","curve":"stepped"},{"time":1.6333,"color":"ffffffff"},{"time":2.1333,"color":"ffffff00"}]},"16":{"color":[{"color":"ffffff00","curve":"stepped"},{"time":2.3667,"color":"ffffff00"},{"time":2.5333,"color":"ffffffff","curve":"stepped"},{"time":2.9667,"color":"ffffffff"},{"time":3.5,"color":"ffffff00"}]},"27":{"color":[{"color":"ffffff00","curve":"stepped"},{"time":2.7,"color":"ffffff00"},{"time":2.9333,"color":"ffffffff","curve":"stepped"},{"time":3.6,"color":"ffffffff"},{"time":4.1333,"color":"ffffff00"}]},"17":{"color":[{"color":"ffffff00","curve":"stepped"},{"time":2.8333,"color":"ffffff00"},{"time":2.9333,"color":"ffffffff","curve":"stepped"},{"time":3.5333,"color":"ffffffff"},{"time":3.9667,"color":"ffffff00"}]},"11":{"color":[{"color":"ffffff00","curve":"stepped"},{"time":2.8667,"color":"ffffff00"},{"time":2.9667,"color":"ffffffff","curve":"stepped"},{"time":3.5667,"color":"ffffffff"},{"time":4.0667,"color":"ffffff00"}]},"9":{"color":[{"color":"ffffff00","curve":"stepped"},{"time":2.1333,"color":"ffffff00"},{"time":2.2333,"color":"ffffffff","curve":"stepped"},{"time":2.8333,"color":"ffffffff"},{"time":3.3333,"color":"ffffff00"}]},"14":{"color":[{"color":"ffffff00","curve":"stepped"},{"time":2.7333,"color":"ffffff00"},{"time":2.8333,"color":"ffffffff","curve":"stepped"},{"time":3.4333,"color":"ffffffff"},{"time":3.9333,"color":"ffffff00"}]},"1":{"color":[{"color":"ffffff00","curve":"stepped"},{"time":2.1667,"color":"ffffff00"},{"time":2.5333,"color":"ffffffff","curve":"stepped"},{"time":2.7667,"color":"ffffffff"},{"time":3.3,"color":"ffffff00"}]},"5":{"color":[{"color":"ffffff00","curve":"stepped"},{"time":0.4333,"color":"ffffff00"},{"time":0.6333,"color":"ffffffff","curve":"stepped"},{"time":1.1333,"color":"ffffffff"},{"time":1.6333,"color":"ffffff00"}]},"6":{"color":[{"color":"ffffff00","curve":"stepped"},{"time":1.3,"color":"ffffff00"},{"time":1.4333,"color":"ffffffff","curve":"stepped"},{"time":2,"color":"ffffffff"},{"time":2.5,"color":"ffffff00"}]},"4":{"color":[{"color":"ffffff00","curve":"stepped"},{"time":1.9333,"color":"ffffff00"},{"time":2.1333,"color":"ffffffff","curve":"stepped"},{"time":2.6333,"color":"ffffffff"},{"time":3.1333,"color":"ffffff00"}]},"8":{"color":[{"color":"ffffff00","curve":"stepped"},{"time":0.1667,"color":"ffffff00"},{"time":0.2667,"color":"ffffffff","curve":"stepped"},{"time":0.8667,"color":"ffffffff"},{"time":1.3667,"color":"ffffff00"}]},"24":{"color":[{"color":"ffffff00","curve":"stepped"},{"time":0.1,"color":"ffffff00"},{"time":0.2,"color":"ffffffff","curve":"stepped"},{"time":0.8,"color":"ffffffff"},{"time":1.2333,"color":"ffffff00"}]},"21":{"color":[{"color":"ffffff00","curve":"stepped"},{"time":0.9667,"color":"ffffff00"},{"time":1.0667,"color":"ffffffff","curve":"stepped"},{"time":1.6667,"color":"ffffffff"},{"time":2.1667,"color":"ffffff00"}]},"guang6":{"color":[{"time":0.0923,"color":"61caff00"},{"time":0.1092,"color":"95e4ff95"},{"time":0.1106,"color":"ffe69171"},{"time":0.1561,"color":"65c3ff13"},{"time":0.2394,"color":"65c9ff00"},{"time":2.8087,"color":"61c4ff00"},{"time":2.8312,"color":"95e7ffff"},{"time":2.8333,"color":"91c7ff72"},{"time":2.9333,"color":"65c9ff13"},{"time":3.2,"color":"65d3ff00"},{"time":4.147,"color":"61ccff00"},{"time":4.1697,"color":"95d7ffff"},{"time":4.1718,"color":"ffe69171"},{"time":4.2718,"color":"65cfff13"},{"time":4.4229,"color":"65f0ff00"}]},"30":{"color":[{"color":"ffffff00"},{"time":0.1,"color":"ffffffff","curve":"stepped"},{"time":0.7,"color":"ffffffff"},{"time":1.2,"color":"ffffff00"}]},"2":{"color":[{"time":0.4333,"color":"ffffffff"},{"time":0.9667,"color":"ffffff00","curve":"stepped"},{"time":4.1667,"color":"ffffff00"},{"time":4.4,"color":"ffffffff"}]},"guang7":{"color":[{"color":"91e3ff72"},{"time":0.0667,"color":"91e3ff00","curve":"stepped"},{"time":0.7333,"color":"91e3ff00"},{"time":2.2,"color":"61ccff00"},{"time":2.2333,"color":"95d6ff73"},{"time":2.3333,"color":"65cfff13"},{"time":2.5,"color":"65f0ff00"},{"time":2.7,"color":"61caff00"},{"time":2.9333,"color":"65c9ff00"},{"time":3.7667,"color":"61d2ff00"},{"time":3.8,"color":"95d4ff80"},{"time":3.9,"color":"65bbff13"},{"time":4.5667,"color":"65afff00"},{"time":4.6333,"color":"91eaff72"}]},"13":{"color":[{"color":"ffffff00","curve":"stepped"},{"time":0.3,"color":"ffffff00"},{"time":0.4,"color":"ffffffff","curve":"stepped"},{"time":1,"color":"ffffffff"},{"time":1.5,"color":"ffffff00"}]},"22":{"color":[{"color":"ffffff00","curve":"stepped"},{"time":3.2667,"color":"ffffff00"},{"time":3.3667,"color":"ffffffff","curve":"stepped"},{"time":3.9667,"color":"ffffffff"},{"time":4.4667,"color":"ffffff00"}]},"35":{"color":[{"color":"ffffff00","curve":"stepped"},{"time":2.1667,"color":"ffffff00"},{"time":2.5333,"color":"ffffffff","curve":"stepped"},{"time":2.7667,"color":"ffffffff"},{"time":3.3,"color":"ffffff00"}]},"31":{"color":[{"color":"ffffff00","curve":"stepped"},{"time":2.1667,"color":"ffffff00"},{"time":2.2667,"color":"ffffffff","curve":"stepped"},{"time":2.8667,"color":"ffffffff"},{"time":3.3667,"color":"ffffff00"}]},"23":{"color":[{"color":"ffffff00","curve":"stepped"},{"time":3.3,"color":"ffffff00"},{"time":3.4,"color":"ffffffff","curve":"stepped"},{"time":4,"color":"ffffffff"},{"time":4.5,"color":"ffffff00"}]},"26":{"color":[{"color":"ffffff00","curve":"stepped"},{"time":1.7333,"color":"ffffff00"},{"time":1.8333,"color":"ffffffff","curve":"stepped"},{"time":2.6333,"color":"ffffffff"},{"time":2.9333,"color":"ffffff00"}]}},"bones":{"tx2":{"translate":[{"y":2.2},{"time":1.1333,"y":-18.35},{"time":4.6333,"y":2.2}],"scale":[{"x":1.7,"y":1.5},{"time":1.1333,"x":1.8,"y":2.5},{"time":4.6333,"x":1.7,"y":1.5}]},"tx4":{"translate":[{"y":-10.52},{"time":2.1667,"y":2.2},{"time":3.3,"y":-18.35},{"time":4.6333,"y":-10.52}],"scale":[{"x":1.562,"y":1.562},{"time":2.1667,"x":1.5,"y":1.5},{"time":3.3,"x":1.6,"y":1.6},{"time":4.6333,"x":1.562,"y":1.562}]},"tx5":{"translate":[{"y":-0.82},{"time":0.9667,"y":-18.35},{"time":4.1667,"y":2.2,"curve":"stepped"},{"time":4.4667,"y":2.2},{"time":4.6333,"y":-0.82}],"scale":[{"x":1.485,"y":1.529},{"time":0.9667,"x":1.4,"y":1.7},{"time":4.1667,"x":1.5,"y":1.5,"curve":"stepped"},{"time":4.4667,"x":1.5,"y":1.5},{"time":4.6333,"x":1.485,"y":1.529}]},"tx6":{"translate":[{"y":-11.1},{"time":0.4,"y":-18.35},{"time":3.8,"y":2.2,"curve":"stepped"},{"time":3.9,"y":2.2},{"time":4.6333,"y":-11.1}],"scale":[{"x":1.435,"y":1.824},{"time":0.4,"x":1.4,"y":2},{"time":3.8,"x":1.5,"y":1.5,"curve":"stepped"},{"time":3.9,"x":1.5,"y":1.5},{"time":4.6333,"x":1.435,"y":1.824}]},"tx7":{"translate":[{"y":-9.48},{"time":1.9333,"y":2.2,"curve":"stepped"},{"time":2.0333,"y":2.2},{"time":3.1667,"y":-18.35},{"time":4.6333,"y":-9.48}],"scale":[{"x":1.443,"y":1.784},{"time":1.9333,"x":1.5,"y":1.5,"curve":"stepped"},{"time":2.0333,"x":1.5,"y":1.5},{"time":3.1667,"x":1.4,"y":2},{"time":4.6333,"x":1.443,"y":1.784}]},"tx8":{"translate":[{"y":-0.42},{"time":0.4333,"y":2.2,"curve":"stepped"},{"time":0.5333,"y":2.2},{"time":1.6667,"y":-18.35},{"time":4.6333,"y":-0.42}],"scale":[{"x":1.487,"y":1.564},{"time":0.4333,"x":1.5,"y":1.5,"curve":"stepped"},{"time":0.5333,"x":1.5,"y":1.5},{"time":1.6667,"x":1.4,"y":2},{"time":4.6333,"x":1.487,"y":1.564}]},"tx9":{"translate":[{"y":-5.66},{"time":1.3,"y":2.2,"curve":"stepped"},{"time":1.4,"y":2.2},{"time":2.5333,"y":-18.35},{"time":4.6333,"y":-5.66}],"scale":[{"x":1.462,"y":1.691},{"time":1.3,"x":1.5,"y":1.5,"curve":"stepped"},{"time":1.4,"x":1.5,"y":1.5},{"time":2.5333,"x":1.4,"y":2},{"time":4.6333,"x":1.462,"y":1.691}]},"tx10":{"translate":[{"y":-17.75},{"time":0.0333,"y":-18.35},{"time":3.4333,"y":2.2,"curve":"stepped"},{"time":3.5333,"y":2.2},{"time":4.6333,"y":-17.75}],"scale":[{"x":1.403,"y":2.817},{"time":0.0333,"x":1.4,"y":2.857},{"time":3.4333,"x":1.5,"y":1.5,"curve":"stepped"},{"time":3.5333,"x":1.5,"y":1.5},{"time":4.6333,"x":1.403,"y":2.817}]},"tx11":{"translate":[{"y":1.19},{"time":0.1667,"y":2.2,"curve":"stepped"},{"time":0.2667,"y":2.2},{"time":1.4,"y":-18.35},{"time":4.6333,"y":1.19}],"scale":[{"x":1.495,"y":1.525},{"time":0.1667,"x":1.5,"y":1.5,"curve":"stepped"},{"time":0.2667,"x":1.5,"y":1.5},{"time":1.4,"x":1.4,"y":2},{"time":4.6333,"x":1.495,"y":1.525}]},"tx12":{"translate":[{"y":-10.69},{"time":2.1333,"y":2.2,"curve":"stepped"},{"time":2.2333,"y":2.2},{"time":3.3667,"y":-18.35},{"time":4.6333,"y":-10.69}],"scale":[{"x":1.437,"y":1.814},{"time":2.1333,"x":1.5,"y":1.5,"curve":"stepped"},{"time":2.2333,"x":1.5,"y":1.5},{"time":3.3667,"x":1.4,"y":2},{"time":4.6333,"x":1.437,"y":1.814}]},"tx13":{"translate":[{"y":-9.89},{"time":0.4667,"y":-18.35},{"time":3.8667,"y":2.2,"curve":"stepped"},{"time":3.9667,"y":2.2},{"time":4.6333,"y":-9.89}],"scale":[{"x":1.441,"y":1.794},{"time":0.4667,"x":1.4,"y":2},{"time":3.8667,"x":1.5,"y":1.5,"curve":"stepped"},{"time":3.9667,"x":1.5,"y":1.5},{"time":4.6333,"x":1.441,"y":1.794}]},"tx14":{"translate":[{"y":-15.13},{"time":2.8667,"y":2.2,"curve":"stepped"},{"time":2.9667,"y":2.2},{"time":4.1,"y":-18.35},{"time":4.6333,"y":-15.13}],"scale":[{"x":1.416,"y":1.922},{"time":2.8667,"x":1.5,"y":1.5,"curve":"stepped"},{"time":2.9667,"x":1.5,"y":1.5},{"time":4.1,"x":1.4,"y":2},{"time":4.6333,"x":1.416,"y":1.922}]},"tx15":{"translate":[{"y":-3.44},{"time":0.9333,"y":2.2,"curve":"stepped"},{"time":1.0333,"y":2.2},{"time":2.1667,"y":-18.35},{"time":4.6333,"y":-3.44}],"scale":[{"x":1.473,"y":1.637},{"time":0.9333,"x":1.5,"y":1.5,"curve":"stepped"},{"time":1.0333,"x":1.5,"y":1.5},{"time":2.1667,"x":1.4,"y":2},{"time":4.6333,"x":1.473,"y":1.637}]},"tx16":{"translate":[{"y":0.39},{"time":0.3,"y":2.2,"curve":"stepped"},{"time":0.4,"y":2.2},{"time":1.5333,"y":-18.35},{"time":4.6333,"y":0.39}],"scale":[{"x":1.491,"y":1.544},{"time":0.3,"x":1.5,"y":1.5,"curve":"stepped"},{"time":0.4,"x":1.5,"y":1.5},{"time":1.5333,"x":1.4,"y":2},{"time":4.6333,"x":1.491,"y":1.544}]},"tx17":{"translate":[{"y":-14.32},{"time":2.7333,"y":2.2,"curve":"stepped"},{"time":2.8333,"y":2.2},{"time":3.9667,"y":-18.35},{"time":4.6333,"y":-14.32}],"scale":[{"x":1.42,"y":1.902},{"time":2.7333,"x":1.5,"y":1.5,"curve":"stepped"},{"time":2.8333,"x":1.5,"y":1.5},{"time":3.9667,"x":1.4,"y":2},{"time":4.6333,"x":1.42,"y":1.902}]},"tx18":{"translate":[{"y":-12.91},{"time":0.3,"y":-18.35},{"time":3.7,"y":2.2,"curve":"stepped"},{"time":3.8,"y":2.2},{"time":4.6333,"y":-12.91}],"scale":[{"x":1.426,"y":1.868},{"time":0.3,"x":1.4,"y":2},{"time":3.7,"x":1.5,"y":1.5,"curve":"stepped"},{"time":3.8,"x":1.5,"y":1.5},{"time":4.6333,"x":1.426,"y":1.868}]},"tx3":{"translate":[{"y":-11.7},{"time":2.3667,"y":2.2},{"time":3.5,"y":-18.35},{"time":4.6333,"y":-11.7}],"scale":[{"x":1.768,"y":2.176},{"time":2.3667,"x":1.7,"y":1.5},{"time":3.5,"x":1.8,"y":2.5},{"time":4.6333,"x":1.768,"y":2.176}]},"tx19":{"translate":[{"y":-14.44},{"time":2.8333,"y":2.2},{"time":3.9667,"y":-18.35},{"time":4.6333,"y":-14.44}],"scale":[{"x":1.781,"y":2.31},{"time":2.8333,"x":1.7,"y":1.5},{"time":3.9667,"x":1.8,"y":2.5},{"time":4.6333,"x":1.781,"y":2.31}]},"tx20":{"translate":[{"y":-5.45},{"time":1.2667,"y":2.2,"curve":"stepped"},{"time":1.3667,"y":2.2},{"time":2.5,"y":-18.35},{"time":4.6333,"y":-5.45}],"scale":[{"x":1.463,"y":1.686},{"time":1.2667,"x":1.5,"y":1.5,"curve":"stepped"},{"time":1.3667,"x":1.5,"y":1.5},{"time":2.5,"x":1.4,"y":2},{"time":4.6333,"x":1.463,"y":1.686}]},"tx21":{"translate":[{"y":-0.01},{"time":0.3667,"y":2.2,"curve":"stepped"},{"time":0.4667,"y":2.2},{"time":1.6,"y":-18.35},{"time":4.6333,"y":-0.01}],"scale":[{"x":1.489,"y":1.554},{"time":0.3667,"x":1.5,"y":1.5,"curve":"stepped"},{"time":0.4667,"x":1.5,"y":1.5},{"time":1.6,"x":1.4,"y":2},{"time":4.6333,"x":1.489,"y":1.554}]},"tx22":{"translate":[{"y":-10.89},{"time":2.1667,"y":2.2,"curve":"stepped"},{"time":2.2667,"y":2.2},{"time":3.4,"y":-18.35},{"time":4.6333,"y":-10.89}],"scale":[{"x":1.436,"y":1.819},{"time":2.1667,"x":1.5,"y":1.5,"curve":"stepped"},{"time":2.2667,"x":1.5,"y":1.5},{"time":3.4,"x":1.4,"y":2},{"time":4.6333,"x":1.436,"y":1.819}]},"tx23":{"translate":[{"y":-3.64},{"time":0.9667,"y":2.2,"curve":"stepped"},{"time":1.0667,"y":2.2},{"time":2.2,"y":-18.35},{"time":4.6333,"y":-3.64}],"scale":[{"x":1.472,"y":1.642},{"time":0.9667,"x":1.5,"y":1.5,"curve":"stepped"},{"time":1.0667,"x":1.5,"y":1.5},{"time":2.2,"x":1.4,"y":2},{"time":4.6333,"x":1.472,"y":1.642}]},"tx24":{"translate":[{"y":-17.54},{"time":3.2667,"y":2.2,"curve":"stepped"},{"time":3.3667,"y":2.2},{"time":4.5,"y":-18.35},{"time":4.6333,"y":-17.54}],"scale":[{"x":1.404,"y":1.98},{"time":3.2667,"x":1.5,"y":1.5,"curve":"stepped"},{"time":3.3667,"x":1.5,"y":1.5},{"time":4.5,"x":1.4,"y":2},{"time":4.6333,"x":1.404,"y":1.98}]},"tx25":{"translate":[{"y":-17.75},{"time":3.3,"y":2.2,"curve":"stepped"},{"time":3.4,"y":2.2},{"time":4.5333,"y":-18.35},{"time":4.6333,"y":-17.75}],"scale":[{"x":1.403,"y":1.985},{"time":3.3,"x":1.5,"y":1.5,"curve":"stepped"},{"time":3.4,"x":1.5,"y":1.5},{"time":4.5333,"x":1.4,"y":2},{"time":4.6333,"x":1.403,"y":1.985}]},"tx26":{"translate":[{"y":1.61},{"time":0.1,"y":2.2},{"time":1.2333,"y":-18.35},{"time":4.6333,"y":1.61}],"scale":[{"x":1.503,"y":1.503},{"time":0.1,"x":1.5,"y":1.5},{"time":1.2333,"x":1.6,"y":1.6},{"time":4.6333,"x":1.503,"y":1.503}]},"tx27":{"translate":[{"y":2.2,"curve":"stepped"},{"time":0.1,"y":2.2},{"time":1.2333,"y":-18.35},{"time":4.6333,"y":2.2}],"scale":[{"x":1.5,"y":1.5,"curve":"stepped"},{"time":0.1,"x":1.5,"y":1.5},{"time":1.2333,"x":1.4,"y":2},{"time":4.6333,"x":1.5,"y":1.5}]},"tx28":{"translate":[{"y":-8.93},{"time":1.7333,"y":2.2,"curve":"stepped"},{"time":2.0333,"y":2.2},{"time":3.1667,"y":-18.35},{"time":4.6333,"y":-8.93}],"scale":[{"x":1.446,"y":1.608},{"time":1.7333,"x":1.5,"y":1.5,"curve":"stepped"},{"time":2.0333,"x":1.5,"y":1.5},{"time":3.1667,"x":1.4,"y":1.7},{"time":4.6333,"x":1.446,"y":1.608}]},"tx29":{"translate":[{"y":-15.14},{"time":2.7,"y":2.2,"curve":"stepped"},{"time":3,"y":2.2},{"time":4.1333,"y":-18.35},{"time":4.6333,"y":-15.14}],"scale":[{"x":1.416,"y":1.669},{"time":2.7,"x":1.5,"y":1.5,"curve":"stepped"},{"time":3,"x":1.5,"y":1.5},{"time":4.1333,"x":1.4,"y":1.7},{"time":4.6333,"x":1.416,"y":1.669}]},"tx30":{"translate":[{"y":2.2,"curve":"stepped"},{"time":0.3612,"y":2.2},{"time":1.4945,"y":-18.35}],"scale":[{"x":1.5,"y":1.5,"curve":"stepped"},{"time":0.3612,"x":1.5,"y":1.5},{"time":1.4945,"x":1.4,"y":2}]},"tx31":{"translate":[{"y":2.2,"curve":"stepped"},{"time":0.3612,"y":2.2},{"time":1.4945,"y":-18.35}],"scale":[{"x":1.5,"y":1.5,"curve":"stepped"},{"time":0.3612,"x":1.5,"y":1.5},{"time":1.4945,"x":1.4,"y":2}]},"tx32":{"translate":[{"y":2.2,"curve":"stepped"},{"time":0.1,"y":2.2},{"time":1.2333,"y":-18.35},{"time":4.6333,"y":2.2}],"scale":[{"x":1.5,"y":1.5,"curve":"stepped"},{"time":0.1,"x":1.5,"y":1.5},{"time":1.2333,"x":1.4,"y":2},{"time":4.6333,"x":1.5,"y":1.5}]},"tx33":{"translate":[{"y":-10.89},{"time":2.1667,"y":2.2,"curve":"stepped"},{"time":2.2667,"y":2.2},{"time":3.4,"y":-18.35},{"time":4.6333,"y":-10.89}],"scale":[{"x":1.436,"y":1.819},{"time":2.1667,"x":1.5,"y":1.5,"curve":"stepped"},{"time":2.2667,"x":1.5,"y":1.5},{"time":3.4,"x":1.4,"y":2},{"time":4.6333,"x":1.436,"y":1.819}]},"tx34":{"translate":[{"y":-17.75},{"time":0.0333,"y":-18.35},{"time":3.4333,"y":2.2,"curve":"stepped"},{"time":3.5333,"y":2.2},{"time":4.6333,"y":-17.75}],"scale":[{"x":1.403,"y":2.817},{"time":0.0333,"x":1.4,"y":2.857},{"time":3.4333,"x":1.5,"y":1.5,"curve":"stepped"},{"time":3.5333,"x":1.5,"y":1.5},{"time":4.6333,"x":1.403,"y":2.817}]},"tx35":{"translate":[{"y":-9.48},{"time":1.9333,"y":2.2,"curve":"stepped"},{"time":2.0333,"y":2.2},{"time":3.1667,"y":-18.35},{"time":4.6333,"y":-9.48}],"scale":[{"x":1.443,"y":1.784},{"time":1.9333,"x":1.5,"y":1.5,"curve":"stepped"},{"time":2.0333,"x":1.5,"y":1.5},{"time":3.1667,"x":1.4,"y":2},{"time":4.6333,"x":1.443,"y":1.784}]},"tx36":{"translate":[{"y":-14.32},{"time":2.7333,"y":2.2,"curve":"stepped"},{"time":2.8333,"y":2.2},{"time":3.9667,"y":-18.35},{"time":4.6333,"y":-14.32}],"scale":[{"x":1.42,"y":1.902},{"time":2.7333,"x":1.5,"y":1.5,"curve":"stepped"},{"time":2.8333,"x":1.5,"y":1.5},{"time":3.9667,"x":1.4,"y":2},{"time":4.6333,"x":1.42,"y":1.902}]},"tx37":{"translate":[{"y":-10.52},{"time":2.1667,"y":2.2},{"time":3.3,"y":-18.35},{"time":4.6333,"y":-10.52}],"scale":[{"x":1.562,"y":1.562},{"time":2.1667,"x":1.5,"y":1.5},{"time":3.3,"x":1.6,"y":1.6},{"time":4.6333,"x":1.562,"y":1.562}]},"tx38":{"translate":[{"y":-14.44},{"time":2.8333,"y":2.2},{"time":3.9667,"y":-18.35},{"time":4.6333,"y":-14.44}],"scale":[{"x":1.781,"y":2.31},{"time":2.8333,"x":1.7,"y":1.5},{"time":3.9667,"x":1.8,"y":2.5},{"time":4.6333,"x":1.781,"y":2.31}]},"tx39":{"translate":[{"y":-14.44},{"time":2.8333,"y":2.2},{"time":3.9667,"y":-18.35},{"time":4.6333,"y":-14.44}],"scale":[{"x":1.781,"y":2.31},{"time":2.8333,"x":1.7,"y":1.5},{"time":3.9667,"x":1.8,"y":2.5},{"time":4.6333,"x":1.781,"y":2.31}]},"shangdian5":{"translate":[{"time":0.0333,"y":-174.5}]}}}}}