{"root":[{"id":1,"text":"Play every day to hit your lucky streak..","weight":100,"scene":1,"game_id":1,"env":0},{"id":2,"text":"Get ready to get lucky…","weight":100,"scene":1,"game_id":1,"env":0},{"id":3,"text":"Any spin can be your next big win!","weight":100,"scene":1,"game_id":1,"env":0},{"id":4,"text":"Welcome to the world.","weight":100,"scene":1,"game_id":1,"env":0},{"id":5,"text":"Will you hit the Grand Jackpot today..?","weight":100,"scene":1,"game_id":1,"env":0},{"id":6,"text":"It's the best slots app in the whole world!","weight":100,"scene":1,"game_id":1,"env":0},{"id":7,"text":"Don't forget to relax and have fun","weight":100,"scene":1,"game_id":1,"env":0},{"id":8,"text":"Join millions of lucky spinners playing right now…","weight":100,"scene":1,"game_id":1,"env":0},{"id":9,"text":"Don't miss out on today's live events!","weight":100,"scene":1,"game_id":1,"env":0},{"id":10,"text":"Never give up! Luck is just around the corner.","weight":100,"scene":1,"game_id":1,"env":0},{"id":11,"text":"Lucky sevens all the way!","weight":100,"scene":2,"game_id":0,"env":0},{"id":12,"text":"Win up to ×10 Multiplier in free spins","weight":100,"scene":3,"game_id":11001,"env":0},{"id":13,"text":"Win up to 1024 ways","weight":100,"scene":3,"game_id":11001,"env":0},{"id":14,"text":"3 or more Scatter Symbol triggers 12 or more free spins","weight":100,"scene":3,"game_id":11001,"env":0},{"id":15,"text":"Get Wild Symbol with gold plated symbols","weight":100,"scene":3,"game_id":11001,"env":0},{"id":16,"text":"Win up to ×10 Multiplier in free spins","weight":100,"scene":3,"game_id":12001,"env":0},{"id":17,"text":"Win up to 1024 ways","weight":100,"scene":3,"game_id":12001,"env":0},{"id":18,"text":"3 or more Scatter Symbol triggers 12 or more free spins","weight":100,"scene":3,"game_id":12001,"env":0},{"id":19,"text":"Get Wild Symbol with gold plated symbols","weight":100,"scene":3,"game_id":12001,"env":0},{"id":20,"text":"Win up to ×10 Multiplier in free spins","weight":100,"scene":3,"game_id":11008,"env":0},{"id":21,"text":"Win up to 1024 ways","weight":100,"scene":3,"game_id":11008,"env":0},{"id":22,"text":"3 or more Scatter Symbol triggers 12 or more free spins","weight":100,"scene":3,"game_id":11008,"env":0},{"id":23,"text":"Get Wild Symbol with gold plated symbols","weight":100,"scene":3,"game_id":11008,"env":0},{"id":24,"text":"Win up to ×10 Multiplier in free spins","weight":100,"scene":3,"game_id":12008,"env":0},{"id":25,"text":"Win up to 1024 ways","weight":100,"scene":3,"game_id":12008,"env":0},{"id":26,"text":"3 or more Scatter Symbol triggers 12 or more free spins","weight":100,"scene":3,"game_id":12008,"env":0},{"id":27,"text":"Get Wild Symbol with gold plated symbols","weight":100,"scene":3,"game_id":12008,"env":0},{"id":28,"text":"Playing in 20 lines","weight":100,"scene":3,"game_id":11002,"env":0},{"id":29,"text":"Win up to 30000x with increased multipliers in free spins!","weight":100,"scene":3,"game_id":11002,"env":0},{"id":30,"text":"3 or more Scatter Symbol triggers 10 or more free spins","weight":100,"scene":3,"game_id":11002,"env":0},{"id":31,"text":"Playing in 20 lines","weight":100,"scene":3,"game_id":12002,"env":0},{"id":32,"text":"Win up to 30000x with increased multipliers in free spins!","weight":100,"scene":3,"game_id":12002,"env":0},{"id":33,"text":"3 or more Scatter Symbol triggers 10 or more free spins","weight":100,"scene":3,"game_id":12002,"env":0},{"id":34,"text":"Playing in 720 ways","weight":100,"scene":3,"game_id":11003,"env":0},{"id":35,"text":"In any position on 5 consecutive reels triggers free spins!","weight":100,"scene":3,"game_id":11003,"env":0},{"id":36,"text":"Game pays left to right and right to left","weight":100,"scene":3,"game_id":11003,"env":0},{"id":37,"text":"Playing in 26 lines + feature","weight":100,"scene":3,"game_id":11004,"env":0},{"id":38,"text":"Win up to 2000x with magic disc!","weight":100,"scene":3,"game_id":11004,"env":0},{"id":39,"text":"Playing in 26 lines + feature","weight":100,"scene":3,"game_id":12004,"env":0},{"id":40,"text":"Win up to 2000x with magic disc!","weight":100,"scene":3,"game_id":12004,"env":0},{"id":41,"text":"Win up to 1024 ways","weight":100,"scene":3,"game_id":11005,"env":0},{"id":42,"text":"Win up to ×10 Multiplier in free spins","weight":100,"scene":3,"game_id":11005,"env":0},{"id":43,"text":"Win up to 1024 ways","weight":100,"scene":3,"game_id":11005,"env":0},{"id":44,"text":"Win up to 1024 ways","weight":100,"scene":3,"game_id":12005,"env":0},{"id":45,"text":"Win up to ×10 Multiplier in free spins","weight":100,"scene":3,"game_id":12005,"env":0},{"id":46,"text":"Win up to 1024 ways","weight":100,"scene":3,"game_id":12005,"env":0},{"id":47,"text":"Downloading over Wi-Fi recommended for HD gaming!","weight":100,"scene":1,"game_id":11016,"env":0},{"id":48,"text":"Previously loaded games load faster from browser cache!","weight":100,"scene":1,"game_id":11016,"env":0},{"id":49,"text":"If this is your first visit, downloading may take a while.","weight":100,"scene":1,"game_id":11016,"env":0},{"id":50,"text":"For the ultimate game experience,use Safari or Chrome!","weight":100,"scene":1,"game_id":11016,"env":0},{"id":51,"text":"Turn off idle pages, give me more resources!","weight":100,"scene":1,"game_id":11016,"env":0},{"id":52,"text":"Update to latese device update for best gaming experience!","weight":100,"scene":1,"game_id":11016,"env":0},{"id":53,"text":"Blue Phoenix and Red Phoenix pair awards 2 Free Spins where all line wins doubled!","weight":100,"scene":3,"game_id":11016,"env":0},{"id":54,"text":"Win up to X1500 in Normal Spins!","weight":100,"scene":3,"game_id":11016,"env":0},{"id":55,"text":"3 BONUS trigger Bonus Feature","weight":100,"scene":3,"game_id":11016,"env":0},{"id":56,"text":"Blue Phoenix and Red Phoenix pair awards 2 Free Spins where all line wins doubled!","weight":100,"scene":3,"game_id":12016,"env":0},{"id":57,"text":"Win up to X1500 in Normal Spins!","weight":100,"scene":3,"game_id":12016,"env":0},{"id":58,"text":"3 BONUS trigger Bonus Feature","weight":100,"scene":3,"game_id":12016,"env":0},{"id":59,"text":"Downloading over Wi-Fi recommended for HD gaming!","weight":100,"scene":2,"game_id":0,"env":0},{"id":60,"text":"Turn off idle pages, give me more resources!","weight":100,"scene":2,"game_id":0,"env":1},{"id":61,"text":"If this is your first visit, downloading may take a while.","weight":100,"scene":2,"game_id":0,"env":0},{"id":62,"text":"Previously loaded games load faster from browser capae!","weight":100,"scene":2,"game_id":0,"env":1},{"id":63,"text":"Lucky sevens all the way!","weight":100,"scene":2,"game_id":0,"env":0},{"id":64,"text":"Downloading over Wi-Fi recommended for HD gaming!","weight":100,"scene":1,"game_id":1,"env":1},{"id":65,"text":"If this is your first visit, downloading may take a while","weight":100,"scene":1,"game_id":1,"env":0},{"id":66,"text":"Win up to ×50 Multiplier","weight":100,"scene":2,"game_id":11009,"env":0},{"id":67,"text":"Playing in 1 line","weight":100,"scene":2,"game_id":11009,"env":0},{"id":68,"text":"Playing in 1 line","weight":100,"scene":2,"game_id":12010,"env":0},{"id":69,"text":"Raise Bet_Level and win more","weight":100,"scene":2,"game_id":12010,"env":0},{"id":70,"text":"Playing in 1 line","weight":100,"scene":3,"game_id":12010,"env":0},{"id":71,"text":"Raise Bet_Level and win more","weight":100,"scene":3,"game_id":12010,"env":0},{"id":72,"text":"Respin with any win！","weight":100,"scene":3,"game_id":11006,"env":0},{"id":73,"text":"Win up to 3125 ways","weight":100,"scene":3,"game_id":11006,"env":0},{"id":74,"text":"Bonus Respin is awarded when all blockers are destroyed","weight":100,"scene":3,"game_id":11006,"env":0},{"id":75,"text":"Respin with any win！","weight":100,"scene":3,"game_id":12006,"env":0},{"id":76,"text":"Win up to 3125 ways","weight":100,"scene":3,"game_id":12006,"env":0},{"id":77,"text":"Bonus Respin is awarded when all blockers are destroyed","weight":100,"scene":3,"game_id":12006,"env":0},{"id":78,"text":"Win up to ×5 multiplier!","weight":100,"scene":3,"game_id":12011,"env":0},{"id":79,"text":"Win up to 4096 ways!","weight":100,"scene":3,"game_id":12011,"env":0},{"id":80,"text":"Win up to ×5 multiplier!","weight":100,"scene":3,"game_id":11011,"env":0},{"id":81,"text":"Win up to 4096 ways!","weight":100,"scene":3,"game_id":11011,"env":0},{"id":82,"text":"Multiplier increases after every win in free spins!","weight":100,"scene":3,"game_id":11013,"env":0},{"id":83,"text":"Win up to 46656 ways!","weight":100,"scene":3,"game_id":11013,"env":0},{"id":84,"text":"4 or more Scatter Symbols triggers 15 or more free spins!","weight":100,"scene":3,"game_id":11013,"env":0},{"id":85,"text":"Multiplier increases after every win in free spins!","weight":100,"scene":3,"game_id":12013,"env":0},{"id":86,"text":"Win up to 46656 ways!","weight":100,"scene":3,"game_id":12013,"env":0},{"id":87,"text":"4 or more Scatter Symbols triggers 15 or more free spins!","weight":100,"scene":3,"game_id":12013,"env":0},{"id":88,"text":"Win up to 32,400 ways!","weight":100,"scene":3,"game_id":11014,"env":0},{"id":89,"text":"Multiplier increases after collecting CD Symbols in Free Spins!","weight":100,"scene":3,"game_id":11014,"env":0},{"id":90,"text":"4 or more Scatter Symbols triggers 10 or more free spins!","weight":100,"scene":3,"game_id":11014,"env":0},{"id":91,"text":"Every CD Symbol awards X2 multiplier!","weight":100,"scene":3,"game_id":11014,"env":0},{"id":92,"text":"Win up to 32,400 ways!","weight":100,"scene":3,"game_id":12014,"env":0},{"id":93,"text":"Multiplier increases after collecting CD Symbols in Free Spins!","weight":100,"scene":3,"game_id":12014,"env":0},{"id":94,"text":"4 or more Scatter Symbols triggers 10 or more free spins!","weight":100,"scene":3,"game_id":12014,"env":0},{"id":95,"text":"Every CD Symbol awards X2 multiplier!","weight":100,"scene":3,"game_id":12014,"env":0},{"id":96,"text":"Your exclusive invitation has arrived!","weight":100,"scene":1,"game_id":0,"env":0},{"id":97,"text":"Downloading over Wi-Fi recommended for HD gaming!","weight":100,"scene":1,"game_id":1,"env":0},{"id":98,"text":"If this is your first visit, downloading may take a while.","weight":100,"scene":1,"game_id":1,"env":0},{"id":99,"text":"You are connecting to the world's largest virtual casino.","weight":100,"scene":1,"game_id":1,"env":0},{"id":100,"text":"To play for BIGGER WINS, increase your bet level!","weight":100,"scene":1,"game_id":1,"env":0},{"id":101,"text":"The first slot machine was invented in 1887.","weight":100,"scene":1,"game_id":1,"env":0},{"id":102,"text":"Each slot is a totally different experience! Try them all out!","weight":100,"scene":1,"game_id":1,"env":0},{"id":103,"text":"Subscribe to email updates for slot news & free chips.","weight":100,"scene":1,"game_id":1,"env":0},{"id":104,"text":"Check the INBOX for messages, GIFTS, and more.","weight":100,"scene":1,"game_id":1,"env":0},{"id":105,"text":"You have to play to win!","weight":100,"scene":1,"game_id":1,"env":0},{"id":106,"text":"Not sure where to start today? Check out the Daily Dash!","weight":100,"scene":1,"game_id":1,"env":0},{"id":107,"text":"Higher stakes mean bigger wins in the Hligh limit Room!","weight":100,"scene":1,"game_id":1,"env":0},{"id":108,"text":"Go hands-free! Turn on AUTOSPIN in your favorite slot","weight":100,"scene":1,"game_id":1,"env":0},{"id":109,"text":"Playing in 720 ways","weight":100,"scene":3,"game_id":12003,"env":0},{"id":110,"text":"In any position on 5 consecutive reels triggers free spins!","weight":100,"scene":3,"game_id":12003,"env":0},{"id":111,"text":"Game pays left to right and right to left","weight":100,"scene":3,"game_id":12003,"env":0},{"id":112,"text":"Increase active multiplier with every winning symbol!","weight":100,"scene":3,"game_id":11019,"env":0},{"id":113,"text":"Win to active multiplier reels!","weight":100,"scene":3,"game_id":11019,"env":0},{"id":114,"text":"Playing in 720 ways","weight":100,"scene":3,"game_id":11019,"env":0},{"id":115,"text":"3 or more Scatter Symbol triggers 12 or more free spins!","weight":100,"scene":3,"game_id":11019,"env":0},{"id":116,"text":"Increase active multiplier with every winning symbol!","weight":100,"scene":3,"game_id":12019,"env":0},{"id":117,"text":"Win to active multiplier reels!","weight":100,"scene":3,"game_id":12019,"env":0},{"id":118,"text":"Playing in 720 ways","weight":100,"scene":3,"game_id":12019,"env":0},{"id":119,"text":"3 or more Scatter Symbol triggers 12 or more free spins!","weight":100,"scene":3,"game_id":12019,"env":0},{"id":120,"text":"Gain random sticky symbols during free spins!","weight":100,"scene":3,"game_id":11018,"env":0},{"id":121,"text":"3 Scatter Symbols triggers 8 free spins","weight":100,"scene":3,"game_id":11018,"env":0},{"id":122,"text":"4 Scatter Symbols triggers 10 free spins","weight":100,"scene":3,"game_id":11018,"env":0},{"id":123,"text":"5 Scatter Symbols triggers 15 free spins","weight":100,"scene":3,"game_id":11018,"env":0},{"id":124,"text":"5 to 10 mistery symbol may appear and reveal any symbol","weight":100,"scene":3,"game_id":11018,"env":0},{"id":125,"text":"Gain random sticky symbols during free spins!","weight":100,"scene":3,"game_id":12018,"env":0},{"id":126,"text":"3 Scatter Symbols triggers 8 free spins","weight":100,"scene":3,"game_id":12018,"env":0},{"id":127,"text":"4 Scatter Symbols triggers 10 free spins","weight":100,"scene":3,"game_id":12018,"env":0},{"id":128,"text":"5 Scatter Symbols triggers 15 free spins","weight":100,"scene":3,"game_id":12018,"env":0},{"id":129,"text":"5 to 10 mistery symbol may appear and reveal any symbol","weight":100,"scene":3,"game_id":12018,"env":0},{"id":130,"text":"Win up to 2000 Ways!","weight":100,"scene":3,"game_id":11017,"env":0},{"id":131,"text":"Win up to X10 Multiplier in Free Spins!","weight":100,"scene":3,"game_id":11017,"env":0},{"id":132,"text":"3 or more Scatter triggers 10 or more Free Spins!","weight":100,"scene":3,"game_id":11017,"env":0},{"id":133,"text":"Guaranteed Fold Plated Symbols in Free Spins!","weight":100,"scene":3,"game_id":11017,"env":0},{"id":134,"text":"Win up to X5 Multiplier!","weight":100,"scene":3,"game_id":11017,"env":0},{"id":135,"text":"Get Wild With Gold Plated Symbols!","weight":100,"scene":3,"game_id":11017,"env":0},{"id":136,"text":"Win up to 2000 Ways!","weight":100,"scene":3,"game_id":12017,"env":0},{"id":137,"text":"Win up to X10 Multiplier in Free Spins!","weight":100,"scene":3,"game_id":12017,"env":0},{"id":138,"text":"3 or more Scatter triggers 10 or more Free Spins!","weight":100,"scene":3,"game_id":12017,"env":0},{"id":139,"text":"Guaranteed Fold Plated Symbols in Free Spins!","weight":100,"scene":3,"game_id":12017,"env":0},{"id":140,"text":"Win up to X5 Multiplier!","weight":100,"scene":3,"game_id":12017,"env":0},{"id":141,"text":"Get Wild With Gold Plated Symbols!","weight":100,"scene":3,"game_id":12017,"env":0},{"id":142,"text":"5 OR MORE SYMBOLS COMBINATION WIN!","weight":100,"scene":3,"game_id":11015,"env":0},{"id":143,"text":"NEW REELS CAN EXPAND INFNITCLY!","weight":100,"scene":3,"game_id":11015,"env":0},{"id":144,"text":"MULTIPLIER INCREASES WITH EVERY NEW REEL!","weight":100,"scene":3,"game_id":11015,"env":0},{"id":145,"text":"\"WILD\" WILL EXPAND FULLY ON ITS REEL!","weight":100,"scene":3,"game_id":11015,"env":0},{"id":146,"text":"3 OR MORE \"Scatter\" TRIGGERS 10 OR MORE FREE SPINS!","weight":100,"scene":3,"game_id":11015,"env":0},{"id":147,"text":"5 OR MORE SYMBOLS COMBINATION WIN!","weight":100,"scene":3,"game_id":12015,"env":0},{"id":148,"text":"NEW REELS CAN EXPAND INFNITCLY!","weight":100,"scene":3,"game_id":12015,"env":0},{"id":149,"text":"MULTIPLIER INCREASES WITH EVERY NEW REEL!","weight":100,"scene":3,"game_id":12015,"env":0},{"id":150,"text":"\"WILD\" WILL EXPAND FULLY ON ITS REEL!","weight":100,"scene":3,"game_id":12015,"env":0},{"id":151,"text":"3 OR MORE \"Scatter\" TRIGGERS 10 OR MORE FREE SPINS!","weight":100,"scene":3,"game_id":12015,"env":0},{"id":152,"text":"WIN UP TO 10 OF A KIND!","weight":100,"scene":3,"game_id":11021,"env":0},{"id":153,"text":"DOUBLE SET OF REELS DURING FREE SPINS!","weight":100,"scene":3,"game_id":11021,"env":0},{"id":154,"text":"3\"SCATTRT\" 8 FREE SPINS","weight":100,"scene":3,"game_id":11021,"env":0},{"id":155,"text":"WIN UP TO 10 OF A KIND!","weight":100,"scene":3,"game_id":12021,"env":0},{"id":156,"text":"DOUBLE SET OF REELS DURING FREE SPINS!","weight":100,"scene":3,"game_id":12021,"env":0},{"id":157,"text":"3\"SCATTRT\" 8 FREE SPINS","weight":100,"scene":3,"game_id":12021,"env":0},{"id":158,"text":"3 or more symbols combination win!","weight":100,"scene":3,"game_id":11022,"env":0},{"id":159,"text":"Each win eliminates the bottom row.","weight":100,"scene":3,"game_id":11022,"env":0},{"id":160,"text":"Keep winning for extending the free spins!","weight":100,"scene":3,"game_id":11022,"env":0},{"id":161,"text":"Seven consecutive wins will award you 5 free spins.","weight":100,"scene":3,"game_id":11022,"env":0},{"id":162,"text":"3 or more \"BONUS\" Symbol triggers wheel bonus game.","weight":100,"scene":3,"game_id":11022,"env":0},{"id":163,"text":"3 or more symbols combination win!","weight":100,"scene":3,"game_id":12022,"env":0},{"id":164,"text":"Each win eliminates the bottom row.","weight":100,"scene":3,"game_id":12022,"env":0},{"id":165,"text":"Keep winning for extending the free spins!","weight":100,"scene":3,"game_id":12022,"env":0},{"id":166,"text":"Seven consecutive wins will award you 5 free spins.","weight":100,"scene":3,"game_id":12022,"env":0},{"id":167,"text":"3 or more \"BONUS\" Symbol triggers wheel bonus game.","weight":100,"scene":3,"game_id":12022,"env":0},{"id":168,"text":"Downloading over Wi-Fi recommended for HD gaming!","weight":100,"scene":1,"game_id":11020,"env":0},{"id":169,"text":"Previously loaded games load faster from browser cache!","weight":100,"scene":1,"game_id":11020,"env":0},{"id":170,"text":"If this is your first visit, downloading may take a while.","weight":100,"scene":1,"game_id":11020,"env":0},{"id":171,"text":"For the ultimate game experience,use Safari or Chrome!","weight":100,"scene":1,"game_id":11020,"env":0},{"id":172,"text":"Turn off idle pages, give me more resources!","weight":100,"scene":1,"game_id":11020,"env":0},{"id":173,"text":"Update to latese device update for best gaming experience!","weight":100,"scene":1,"game_id":11020,"env":0},{"id":174,"text":"3 or more Scatter triggers Free Spins!","weight":100,"scene":3,"game_id":11020,"env":0},{"id":175,"text":"Win up to 243 Ways!","weight":100,"scene":3,"game_id":11020,"env":0},{"id":176,"text":"Extended Extra Reel Wild Feature can be won at any conclusion of the game randomly.","weight":100,"scene":3,"game_id":11020,"env":0},{"id":177,"text":"Downloading over Wi-Fi recommended for HD gaming!","weight":100,"scene":1,"game_id":12020,"env":0},{"id":178,"text":"Previously loaded games load faster from browser cache!","weight":100,"scene":1,"game_id":12020,"env":0},{"id":179,"text":"If this is your first visit, downloading may take a while.","weight":100,"scene":1,"game_id":12020,"env":0},{"id":180,"text":"For the ultimate game experience,use Safari or Chrome!","weight":100,"scene":1,"game_id":12020,"env":0},{"id":181,"text":"Turn off idle pages, give me more resources!","weight":100,"scene":1,"game_id":12020,"env":0},{"id":182,"text":"Update to latese device update for best gaming experience!","weight":100,"scene":1,"game_id":12020,"env":0},{"id":183,"text":"3 or more Scatter triggers Free Spins!","weight":100,"scene":3,"game_id":12020,"env":0},{"id":184,"text":"Win up to 243 Ways!","weight":100,"scene":3,"game_id":12020,"env":0},{"id":185,"text":"Extended Extra Reel Wild Feature can be won at any conclusion of the game randomly.","weight":100,"scene":3,"game_id":12020,"env":0},{"id":186,"text":"WIN UP TO 59,049 WAYS!","weight":100,"scene":3,"game_id":11027,"env":0},{"id":187,"text":"IN FREE SPINS, THE REELS CAN GROW UP TO 9 SYMBOLS HIGH.","weight":100,"scene":3,"game_id":11027,"env":0},{"id":188,"text":"GAMBLE YOUR WAY INTO EVEN MORE FREE SPINS!","weight":100,"scene":3,"game_id":11027,"env":0},{"id":189,"text":"MULTIPLIER GROWS WITH EACH WIN IN FREE SPINS!","weight":100,"scene":3,"game_id":11027,"env":0},{"id":190,"text":"EACH WIN EXPANDS THE REELS!","weight":100,"scene":3,"game_id":11027,"env":0},{"id":191,"text":"WIN UP TO 59,049 WAYS!","weight":100,"scene":3,"game_id":12027,"env":0},{"id":192,"text":"IN FREE SPINS, THE REELS CAN GROW UP TO 9 SYMBOLS HIGH.","weight":100,"scene":3,"game_id":12027,"env":0},{"id":193,"text":"GAMBLE YOUR WAY INTO EVEN MORE FREE SPINS!","weight":100,"scene":3,"game_id":12027,"env":0},{"id":194,"text":"MULTIPLIER GROWS WITH EACH WIN IN FREE SPINS!","weight":100,"scene":3,"game_id":12027,"env":0},{"id":195,"text":"EACH WIN EXPANDS THE REELS!","weight":100,"scene":3,"game_id":12027,"env":0},{"id":196,"text":"Downloading over Wi-Fi recommended for HD gaming!","weight":100,"scene":1,"game_id":11028,"env":0},{"id":197,"text":"Previously loaded games load faster from browser cache!","weight":100,"scene":1,"game_id":11028,"env":0},{"id":198,"text":"If this is your first visit, downloading may take a while.","weight":100,"scene":1,"game_id":11028,"env":0},{"id":199,"text":"For the ultimate game experience,use Safari or Chrome!","weight":100,"scene":1,"game_id":11028,"env":0},{"id":200,"text":"Turn off idle pages, give me more resources!","weight":100,"scene":1,"game_id":11028,"env":0},{"id":201,"text":"Update to latese device update for best gaming experience!","weight":100,"scene":1,"game_id":11028,"env":0},{"id":202,"text":"Random Winning Multiplier include x2.x3.x5.x8.x10.x20.","weight":100,"scene":3,"game_id":11028,"env":0},{"id":203,"text":"Four wins will award you 5 free spins.","weight":100,"scene":3,"game_id":11028,"env":0},{"id":204,"text":"Only [Three of a kind] and above poker hands show up will get the prize.","weight":100,"scene":3,"game_id":11028,"env":0},{"id":205,"text":"FREE SPINS each round win will be multiplied by a random Winning Multiplier.","weight":100,"scene":3,"game_id":11028,"env":0},{"id":206,"text":"If there are more than three [three of a kind] or more poker cards in a round, will trigger the random  winning  multiplier!","weight":100,"scene":3,"game_id":11028,"env":0},{"id":207,"text":"Downloading over Wi-Fi recommended for HD gaming!","weight":100,"scene":1,"game_id":12028,"env":0},{"id":208,"text":"Previously loaded games load faster from browser cache!","weight":100,"scene":1,"game_id":12028,"env":0},{"id":209,"text":"If this is your first visit, downloading may take a while.","weight":100,"scene":1,"game_id":12028,"env":0},{"id":210,"text":"For the ultimate game experience,use Safari or Chrome!","weight":100,"scene":1,"game_id":12028,"env":0},{"id":211,"text":"Turn off idle pages, give me more resources!","weight":100,"scene":1,"game_id":12028,"env":0},{"id":212,"text":"Update to latese device update for best gaming experience!","weight":100,"scene":1,"game_id":12028,"env":0},{"id":213,"text":"Random Winning Multiplier include x2.x3.x5.x8.x10.x20.","weight":100,"scene":3,"game_id":12028,"env":0},{"id":214,"text":"Four wins will award you 5 free spins.","weight":100,"scene":3,"game_id":12028,"env":0},{"id":215,"text":"Only [Three of a kind] and above poker hands show up will get the prize.","weight":100,"scene":3,"game_id":12028,"env":0},{"id":216,"text":"FREE SPINS each round win will be multiplied by a random Winning Multiplier.","weight":100,"scene":3,"game_id":12028,"env":0},{"id":217,"text":"If there are more than three [three of a kind] or more poker cards in a round, will trigger the random  winning  multiplier!","weight":100,"scene":3,"game_id":12028,"env":0},{"id":218,"text":"ColorfulPearls Wild adds +5 to the rightmost multiplier","weight":100,"scene":3,"game_id":11030,"env":0},{"id":219,"text":"All multipliers tripled in three spins!","weight":100,"scene":3,"game_id":11030,"env":0},{"id":220,"text":"3\"SCATTRT\" 8 FREE SPINS","weight":100,"scene":3,"game_id":11030,"env":0},{"id":221,"text":"ColorfulPearls Wild adds +5 to the rightmost multiplier","weight":100,"scene":3,"game_id":12030,"env":0},{"id":222,"text":"All multipliers tripled in three spins!","weight":100,"scene":3,"game_id":12030,"env":0},{"id":223,"text":"3\"SCATTRT\" 8 FREE SPINS","weight":100,"scene":3,"game_id":12030,"env":0},{"id":224,"text":"Downloading over Wi-Fi recommended for HD gaming!","weight":100,"scene":1,"game_id":11012,"env":0},{"id":225,"text":"Previously loaded games load faster from browser cache!","weight":100,"scene":1,"game_id":11012,"env":0},{"id":226,"text":"If this is your first visit, downloading may take a while.","weight":100,"scene":1,"game_id":11012,"env":0},{"id":227,"text":"For the ultimate game experience,use Safari or Chrome!","weight":100,"scene":1,"game_id":11012,"env":0},{"id":228,"text":"Turn off idle pages, give me more resources!","weight":100,"scene":1,"game_id":11012,"env":0},{"id":229,"text":"Update to latese device update for best gaming experience!","weight":100,"scene":1,"game_id":11012,"env":0},{"id":230,"text":"Get WLID WITH WINS IN REEL 3 AND 4!","weight":100,"scene":3,"game_id":11035,"env":0},{"id":231,"text":" MULTPLIERS DOUBLED IN FREE SPINS","weight":100,"scene":3,"game_id":11035,"env":0},{"id":232,"text":"4 OR MORE SACATTER TRIGGER 12 OR MORE FREE SPINS","weight":100,"scene":3,"game_id":11035,"env":0},{"id":233,"text":"Get WLID WITH WINS IN REEL 3 AND 4!","weight":100,"scene":3,"game_id":12035,"env":0},{"id":234,"text":" MULTPLIERS DOUBLED IN FREE SPINS","weight":100,"scene":3,"game_id":12035,"env":0},{"id":235,"text":"4 OR MORE SACATTER TRIGGER 12 OR MORE FREE SPINS","weight":100,"scene":3,"game_id":12035,"env":0},{"id":236,"text":"Win up to 15000 X Bet","weight":100,"scene":3,"game_id":11034,"env":0},{"id":237,"text":"Symbols Pay anywhere on the Screen","weight":100,"scene":3,"game_id":11034,"env":0},{"id":238,"text":"4X Scatter Wins Free Spins","weight":100,"scene":3,"game_id":11034,"env":0},{"id":239,"text":"Multiplier symbols up to 500x","weight":100,"scene":3,"game_id":11034,"env":0},{"id":240,"text":"Win up to 15000 X Bet","weight":100,"scene":3,"game_id":12034,"env":0},{"id":241,"text":"Symbols Pay anywhere on the Screen","weight":100,"scene":3,"game_id":12034,"env":0},{"id":242,"text":"4X Scatter Wins Free Spins","weight":100,"scene":3,"game_id":12034,"env":0},{"id":243,"text":"Multiplier symbols up to 500x","weight":100,"scene":3,"game_id":12034,"env":0},{"id":244,"text":"Downloading over Wi-Fi recommended for HD gaming!","weight":100,"scene":1,"game_id":11039,"env":0},{"id":245,"text":"Previously loaded games load faster from browser cache!","weight":100,"scene":1,"game_id":11039,"env":0},{"id":246,"text":"If this is your first visit, downloading may take a while.","weight":100,"scene":1,"game_id":11039,"env":0},{"id":247,"text":"For the ultimate game experience,use Safari or Chrome!","weight":100,"scene":1,"game_id":11039,"env":0},{"id":248,"text":"Turn off idle pages, give me more resources!","weight":100,"scene":1,"game_id":11039,"env":0},{"id":249,"text":"Update to latese device update for best gaming experience!","weight":100,"scene":1,"game_id":11039,"env":0},{"id":250,"text":"Legend symbols expand into Wild Multiplier Reels if they pass through one or more win lines upon expanding.","weight":100,"scene":3,"game_id":11039,"env":0},{"id":251,"text":"Super Free Spins will give you an amazing gaming experience","weight":100,"scene":3,"game_id":11039,"env":0},{"id":252,"text":"Epic legend symbol bonus up to 100x!","weight":100,"scene":3,"game_id":11039,"env":0},{"id":253,"text":"4 Scatter symbols will trigger Super Free Spins","weight":100,"scene":3,"game_id":11039,"env":0},{"id":254,"text":"Legend symbols expand into Wild Multiplier Reels if they pass through one or more win lines upon expanding.","weight":100,"scene":3,"game_id":12039,"env":0},{"id":255,"text":"Super Free Spins will give you an amazing gaming experience","weight":100,"scene":3,"game_id":12039,"env":0},{"id":256,"text":"Epic legend symbol bonus up to 100x!","weight":100,"scene":3,"game_id":12039,"env":0},{"id":257,"text":"4 Scatter symbols will trigger Super Free Spins","weight":100,"scene":3,"game_id":12039,"env":0},{"id":258,"text":"Win up to 250000 X Bet","weight":100,"scene":3,"game_id":11036,"env":0},{"id":259,"text":"Scatter symbol acts as a Wild,and substitutes for all other symbols","weight":100,"scene":3,"game_id":11036,"env":0},{"id":260,"text":"3 or more Scatter Wins 10 Free Spins","weight":100,"scene":3,"game_id":11036,"env":0},{"id":261,"text":"During free spins, designated icons do not need to be adjacent to win","weight":100,"scene":3,"game_id":11036,"env":0},{"id":262,"text":"Win up to 250000 X Bet","weight":100,"scene":3,"game_id":12036,"env":0},{"id":263,"text":"Scatter symbol acts as a Wild,and substitutes for all other symbols","weight":100,"scene":3,"game_id":12036,"env":0},{"id":264,"text":"3 or more Scatter Wins 10 Free Spins","weight":100,"scene":3,"game_id":12036,"env":0},{"id":265,"text":"During free spins, designated icons do not need to be adjacent to win","weight":100,"scene":3,"game_id":12036,"env":0},{"id":266,"text":"Downloading over Wi-Fi recommended for HD gaming!","weight":100,"scene":1,"game_id":11037,"env":0},{"id":267,"text":"Previously loaded games load faster from browser cache!","weight":100,"scene":1,"game_id":11037,"env":0},{"id":268,"text":"If this is your first visit, downloading may take a while.","weight":100,"scene":1,"game_id":11037,"env":0},{"id":269,"text":"For the ultimate game experience,use Safari or Chrome!","weight":100,"scene":1,"game_id":11037,"env":0},{"id":270,"text":"Turn off idle pages, give me more resources!","weight":100,"scene":1,"game_id":11037,"env":0},{"id":271,"text":"Update to latese device update for best gaming experience!","weight":100,"scene":1,"game_id":11037,"env":0},{"id":272,"text":"3 Scatter symbols will trigger Free Spins","weight":100,"scene":3,"game_id":11037,"env":0},{"id":273,"text":"The Wild Symbol collects all values of the Money Symbol.","weight":100,"scene":3,"game_id":11037,"env":0},{"id":274,"text":"The maximum win amount is limited to 2,100x bet.","weight":100,"scene":3,"game_id":11037,"env":0},{"id":275,"text":"All WILD symbols are collected between Free Games until the end of the round.","weight":100,"scene":3,"game_id":11037,"env":0},{"id":276,"text":"3 Scatter symbols will trigger Free Spins","weight":100,"scene":3,"game_id":12037,"env":0},{"id":277,"text":"The Wild Symbol collects all values of the Money Symbol.","weight":100,"scene":3,"game_id":12037,"env":0},{"id":278,"text":"The maximum win amount is limited to 2,100x bet.","weight":100,"scene":3,"game_id":12037,"env":0},{"id":279,"text":"All WILD symbols are collected between Free Games until the end of the round.","weight":100,"scene":3,"game_id":12037,"env":0},{"id":280,"text":"Downloading over Wi-Fi recommended for HD gaming!","weight":100,"scene":1,"game_id":11026,"env":0},{"id":281,"text":"Previously loaded games load faster from browser cache!","weight":100,"scene":1,"game_id":11026,"env":0},{"id":282,"text":"If this is your first visit, downloading may take a while.","weight":100,"scene":1,"game_id":11026,"env":0},{"id":283,"text":"For the ultimate game experience,use Safari or Chrome!","weight":100,"scene":1,"game_id":11026,"env":0},{"id":284,"text":"Turn off idle pages, give me more resources!","weight":100,"scene":1,"game_id":11026,"env":0},{"id":285,"text":"Update to latese device update for best gaming experience!","weight":100,"scene":1,"game_id":11026,"env":0},{"id":286,"text":"wins with Wild or Gold Wild pay 2x or 3x.","weight":100,"scene":3,"game_id":11026,"env":0},{"id":287,"text":"3 Scatter awards FREE GAMES","weight":100,"scene":3,"game_id":11026,"env":0},{"id":288,"text":"When the gold wild fills an entire reel, you’ll trigger the Gold Feature.","weight":100,"scene":3,"game_id":11026,"env":0},{"id":289,"text":"Golden spin mode can be triggered unlimited times","weight":100,"scene":3,"game_id":11026,"env":0},{"id":290,"text":"wins with Wild or Gold Wild pay 2x or 3x.","weight":100,"scene":3,"game_id":12026,"env":0},{"id":291,"text":"3 Scatter awards FREE GAMES","weight":100,"scene":3,"game_id":12026,"env":0},{"id":292,"text":"When the gold wild fills an entire reel, you’ll trigger the Gold Feature.","weight":100,"scene":3,"game_id":12026,"env":0},{"id":293,"text":"Golden spin mode can be triggered unlimited times","weight":100,"scene":3,"game_id":12026,"env":0},{"id":294,"text":"Downloading over Wi-Fi recommended for HD gaming!","weight":100,"scene":1,"game_id":11040,"env":0},{"id":295,"text":"Previously loaded games load faster from browser cache!","weight":100,"scene":1,"game_id":11040,"env":0},{"id":296,"text":"If this is your first visit, downloading may take a while.","weight":100,"scene":1,"game_id":11040,"env":0},{"id":297,"text":"For the ultimate game experience,use Safari or Chrome!","weight":100,"scene":1,"game_id":11040,"env":0},{"id":298,"text":"Turn off idle pages, give me more resources!","weight":100,"scene":1,"game_id":11040,"env":0},{"id":299,"text":"Update to latese device update for best gaming experience!","weight":100,"scene":1,"game_id":11040,"env":0},{"id":300,"text":"Max win of up to 10,000X！","weight":100,"scene":3,"game_id":11040,"env":0},{"id":301,"text":"3 or more Scatter Wins 5 Free Spins","weight":100,"scene":3,"game_id":11040,"env":0},{"id":302,"text":"In free games ? Symbols will surprise you","weight":100,"scene":3,"game_id":11040,"env":0},{"id":303,"text":"Max win of up to 10,000X！","weight":100,"scene":3,"game_id":12040,"env":0},{"id":304,"text":"3 or more Scatter Wins 5 Free Spins","weight":100,"scene":3,"game_id":12040,"env":0},{"id":305,"text":"In free games ? Symbols will surprise you","weight":100,"scene":3,"game_id":12040,"env":0},{"id":306,"text":"Downloading over Wi-Fi recommended for HD gaming!","weight":100,"scene":1,"game_id":11024,"env":0},{"id":307,"text":"Previously loaded games load faster from browser cache!","weight":100,"scene":1,"game_id":11024,"env":0},{"id":308,"text":"If this is your first visit, downloading may take a while.","weight":100,"scene":1,"game_id":11024,"env":0},{"id":309,"text":"For the ultimate game experience,use Safari or Chrome!","weight":100,"scene":1,"game_id":11024,"env":0},{"id":310,"text":"Turn off idle pages, give me more resources!","weight":100,"scene":1,"game_id":11024,"env":0},{"id":311,"text":"Update to latese device update for best gaming experience!","weight":100,"scene":1,"game_id":11024,"env":0},{"id":312,"text":"3 Bonus Wins 10 Free Spins","weight":100,"scene":3,"game_id":11024,"env":0},{"id":313,"text":"If more than 2 spear symbols appear, unexpected things will happen.","weight":100,"scene":3,"game_id":11024,"env":0},{"id":314,"text":"Wild replaces all symbols except Bonus","weight":100,"scene":3,"game_id":11024,"env":0},{"id":315,"text":"3 Bonus Wins 10 Free Spins","weight":100,"scene":3,"game_id":12024,"env":0},{"id":316,"text":"If more than 2 spear symbols appear, unexpected things will happen.","weight":100,"scene":3,"game_id":12024,"env":0},{"id":317,"text":"Wild replaces all symbols except Bonus","weight":100,"scene":3,"game_id":12024,"env":0},{"id":318,"text":"Every second win will turn a pig into a wild symbol.","weight":100,"scene":3,"game_id":11031,"env":0},{"id":319,"text":"Wild symbol substitutes for all symbols except Wolf Scatter symbol and Moon symbol.","weight":100,"scene":3,"game_id":11031,"env":0},{"id":320,"text":"3+ Wolf Scatter symbols pays bet x 3","weight":100,"scene":3,"game_id":11031,"env":0},{"id":321,"text":"3+ Wolf Scatter symbols activate 10 free spins","weight":100,"scene":3,"game_id":11031,"env":0},{"id":322,"text":"Every second win will turn a pig into a wild symbol.","weight":100,"scene":3,"game_id":12031,"env":0},{"id":323,"text":"Wild symbol substitutes for all symbols except Wolf Scatter symbol and Moon symbol.","weight":100,"scene":3,"game_id":12031,"env":0},{"id":324,"text":"3+ Wolf Scatter symbols pays bet x 3","weight":100,"scene":3,"game_id":12031,"env":0},{"id":325,"text":"3+ Wolf Scatter symbols activate 10 free spins","weight":100,"scene":3,"game_id":12031,"env":0},{"id":326,"text":"Win over 12000X Bet","weight":100,"scene":3,"game_id":11038,"env":0},{"id":327,"text":"Win up to 117649 Ways!","weight":100,"scene":3,"game_id":11038,"env":0},{"id":328,"text":"Free spins with Sticky or Raining Wilds","weight":100,"scene":3,"game_id":11038,"env":0},{"id":329,"text":"WILD symbol appears only on reels 2, 3, 4 and 5.","weight":100,"scene":3,"game_id":11038,"env":0},{"id":330,"text":"Wild replaces all symbols except Bonus","weight":100,"scene":3,"game_id":11038,"env":0},{"id":331,"text":"Win over 12000X Bet","weight":100,"scene":3,"game_id":12038,"env":0},{"id":332,"text":"Win up to 117649 Ways!","weight":100,"scene":3,"game_id":12038,"env":0},{"id":333,"text":"Free spins with Sticky or Raining Wilds","weight":100,"scene":3,"game_id":12038,"env":0},{"id":334,"text":"WILD symbol appears only on reels 2, 3, 4 and 5.","weight":100,"scene":3,"game_id":12038,"env":0},{"id":335,"text":"Wild replaces all symbols except Bonus","weight":100,"scene":3,"game_id":12038,"env":0},{"id":336,"text":"Win up to 2500x ！","weight":100,"scene":3,"game_id":11042,"env":0},{"id":337,"text":"x10 Multiplier with fucc screen win！","weight":100,"scene":3,"game_id":11042,"env":0},{"id":338,"text":"Respins in Fortune Tiger Feature！","weight":100,"scene":3,"game_id":11042,"env":0},{"id":339,"text":"Win up to 2500x ！","weight":100,"scene":3,"game_id":12042,"env":0},{"id":340,"text":"x10 Multiplier with fucc screen win！","weight":100,"scene":3,"game_id":12042,"env":0},{"id":341,"text":"Respins in Fortune Tiger Feature！","weight":100,"scene":3,"game_id":12042,"env":0},{"id":342,"text":"Symbols Pay anywhere","weight":100,"scene":3,"game_id":11047,"env":0},{"id":343,"text":"Win up to 5000x ！","weight":100,"scene":3,"game_id":11047,"env":0},{"id":344,"text":"Respins in Super Miner Feature！","weight":100,"scene":3,"game_id":11047,"env":0},{"id":345,"text":"Symbols Pay anywhere","weight":100,"scene":3,"game_id":12047,"env":0},{"id":346,"text":"Win up to 5000x ！","weight":100,"scene":3,"game_id":12047,"env":0},{"id":347,"text":"Respins in Super Miner Feature！","weight":100,"scene":3,"game_id":12047,"env":0},{"id":348,"text":"3 or more Scatters win 8 Free Spins.","weight":100,"scene":3,"game_id":11025,"env":0},{"id":349,"text":"The motorcycle symbol falls to the red box. The left and right + current reel all become wild symbols.","weight":100,"scene":3,"game_id":11025,"env":0},{"id":350,"text":"The motorcycle symbol falls into the blue box and the reel changes to the wild symbol.","weight":100,"scene":3,"game_id":11025,"env":0},{"id":351,"text":"During the Free Spins feature, 2 or more Scatters win 5 Free Spins.","weight":100,"scene":3,"game_id":11025,"env":0},{"id":352,"text":"3 or more Scatters win 8 Free Spins.","weight":100,"scene":3,"game_id":12025,"env":0},{"id":353,"text":"The motorcycle symbol falls to the red box. The left and right + current reel all become wild symbols.","weight":100,"scene":3,"game_id":12025,"env":0},{"id":354,"text":"The motorcycle symbol falls into the blue box and the reel changes to the wild symbol.","weight":100,"scene":3,"game_id":12025,"env":0},{"id":355,"text":"During the Free Spins feature, 2 or more Scatters win 5 Free Spins.","weight":100,"scene":3,"game_id":12025,"env":0},{"id":356,"text":"Clear stone blocks to increase way to win, up to a maximum of 46 656 Megaways.","weight":100,"scene":3,"game_id":11043,"env":0},{"id":357,"text":"all stone blocks in the main game are destroyed, 6 Free Spins are awarded.","weight":100,"scene":3,"game_id":11043,"env":0},{"id":358,"text":"There is a choice of three different Free Spin modes.","weight":100,"scene":3,"game_id":11043,"env":0},{"id":359,"text":"Wild symbols exist on reels 2-6 and substitute for all symbols.","weight":100,"scene":3,"game_id":11043,"env":0},{"id":360,"text":"Clear stone blocks to increase way to win, up to a maximum of 46 656 Megaways.","weight":100,"scene":3,"game_id":12043,"env":0},{"id":361,"text":"all stone blocks in the main game are destroyed, 6 Free Spins are awarded.","weight":100,"scene":3,"game_id":12043,"env":0},{"id":362,"text":"There is a choice of three different Free Spin modes.","weight":100,"scene":3,"game_id":12043,"env":0},{"id":363,"text":"Wild symbols exist on reels 2-6 and substitute for all symbols.","weight":100,"scene":3,"game_id":12043,"env":0},{"id":364,"text":"Win up to 32400 Ways!","weight":100,"scene":3,"game_id":11048,"env":0},{"id":365,"text":"Multipler Increases After Every Win!","weight":100,"scene":3,"game_id":11048,"env":0},{"id":366,"text":"Get more WILD With Wilds-on-the-Way!","weight":100,"scene":3,"game_id":11048,"env":0},{"id":367,"text":"4 or more Scatter Triggers 10 or more Free Spins!","weight":100,"scene":3,"game_id":11048,"env":0},{"id":368,"text":"Win up to 32400 Ways!","weight":100,"scene":3,"game_id":12048,"env":0},{"id":369,"text":"Multipler Increases After Every Win!","weight":100,"scene":3,"game_id":12048,"env":0},{"id":370,"text":"Get more WILD With Wilds-on-the-Way!","weight":100,"scene":3,"game_id":12048,"env":0},{"id":371,"text":"4 or more Scatter Triggers 10 or more Free Spins!","weight":100,"scene":3,"game_id":12048,"env":0}]}