{"root":[{"id":1,"type":100,"reward":""},{"id":2,"type":601,"reward":""},{"id":3,"type":1000,"reward":""},{"id":4,"type":601,"reward":""},{"id":5,"type":800,"reward":""},{"id":6,"type":500,"reward":""},{"id":7,"type":602,"reward":""},{"id":8,"type":900,"reward":""},{"id":9,"type":602,"reward":""},{"id":10,"type":602,"reward":""},{"id":11,"type":200,"reward":""},{"id":12,"type":603,"reward":""},{"id":13,"type":700,"reward":""},{"id":14,"type":603,"reward":""},{"id":15,"type":603,"reward":""},{"id":16,"type":500,"reward":""},{"id":17,"type":604,"reward":""},{"id":18,"type":1000,"reward":""},{"id":19,"type":604,"reward":""},{"id":20,"type":604,"reward":""},{"id":21,"type":300,"reward":""},{"id":22,"type":605,"reward":""},{"id":23,"type":900,"reward":""},{"id":24,"type":605,"reward":""},{"id":25,"type":605,"reward":""},{"id":26,"type":500,"reward":""},{"id":27,"type":606,"reward":""},{"id":28,"type":606,"reward":""},{"id":29,"type":700,"reward":""},{"id":30,"type":606,"reward":""},{"id":31,"type":400,"reward":""},{"id":32,"type":607,"reward":""},{"id":33,"type":607,"reward":""},{"id":34,"type":1000,"reward":""},{"id":35,"type":607,"reward":""},{"id":36,"type":500,"reward":""},{"id":37,"type":900,"reward":""},{"id":38,"type":608,"reward":""},{"id":39,"type":800,"reward":""},{"id":40,"type":608,"reward":""}]}