{"root":[{"net_worth_grade":0,"hour_num":3,"max_num":10,"shields_max_num":3,"start_cash":1000,"shutdown":1000,"bank_heist":1000,"deduction_cash":1000,"prison_cash":1000,"rent":1,"fund":1000,"public_utilities":1000,"brown_property":1000,"light_blue_property":1000,"pink_property":1000,"orange_property":1000,"red_property":1000,"yellow_property":1000,"green_property":1000,"navy_blue_property":1000},{"net_worth_grade":100,"hour_num":3,"max_num":10,"shields_max_num":3,"start_cash":2000,"shutdown":1000,"bank_heist":1000,"deduction_cash":2000,"prison_cash":2000,"rent":2,"fund":2000,"public_utilities":2000,"brown_property":2000,"light_blue_property":2000,"pink_property":2000,"orange_property":2000,"red_property":2000,"yellow_property":2000,"green_property":2000,"navy_blue_property":2000},{"net_worth_grade":200,"hour_num":3,"max_num":10,"shields_max_num":3,"start_cash":3000,"shutdown":1000,"bank_heist":1000,"deduction_cash":3000,"prison_cash":3000,"rent":3,"fund":3000,"public_utilities":3000,"brown_property":3000,"light_blue_property":3000,"pink_property":3000,"orange_property":3000,"red_property":3000,"yellow_property":3000,"green_property":3000,"navy_blue_property":3000},{"net_worth_grade":300,"hour_num":3,"max_num":10,"shields_max_num":3,"start_cash":4000,"shutdown":1000,"bank_heist":1000,"deduction_cash":4000,"prison_cash":4000,"rent":4,"fund":4000,"public_utilities":4000,"brown_property":4000,"light_blue_property":4000,"pink_property":4000,"orange_property":4000,"red_property":4000,"yellow_property":4000,"green_property":4000,"navy_blue_property":4000},{"net_worth_grade":400,"hour_num":3,"max_num":10,"shields_max_num":3,"start_cash":5000,"shutdown":1000,"bank_heist":1000,"deduction_cash":5000,"prison_cash":5000,"rent":5,"fund":5000,"public_utilities":5000,"brown_property":5000,"light_blue_property":5000,"pink_property":5000,"orange_property":5000,"red_property":5000,"yellow_property":5000,"green_property":5000,"navy_blue_property":5000},{"net_worth_grade":500,"hour_num":3,"max_num":10,"shields_max_num":3,"start_cash":6000,"shutdown":1000,"bank_heist":1000,"deduction_cash":6000,"prison_cash":6000,"rent":6,"fund":6000,"public_utilities":6000,"brown_property":6000,"light_blue_property":6000,"pink_property":6000,"orange_property":6000,"red_property":6000,"yellow_property":6000,"green_property":6000,"navy_blue_property":6000},{"net_worth_grade":600,"hour_num":3,"max_num":10,"shields_max_num":3,"start_cash":7000,"shutdown":1000,"bank_heist":1000,"deduction_cash":7000,"prison_cash":7000,"rent":7,"fund":7000,"public_utilities":7000,"brown_property":7000,"light_blue_property":7000,"pink_property":7000,"orange_property":7000,"red_property":7000,"yellow_property":7000,"green_property":7000,"navy_blue_property":7000},{"net_worth_grade":700,"hour_num":3,"max_num":10,"shields_max_num":3,"start_cash":8000,"shutdown":1000,"bank_heist":1000,"deduction_cash":8000,"prison_cash":8000,"rent":8,"fund":8000,"public_utilities":8000,"brown_property":8000,"light_blue_property":8000,"pink_property":8000,"orange_property":8000,"red_property":8000,"yellow_property":8000,"green_property":8000,"navy_blue_property":8000},{"net_worth_grade":800,"hour_num":3,"max_num":10,"shields_max_num":3,"start_cash":9000,"shutdown":1000,"bank_heist":1000,"deduction_cash":9000,"prison_cash":9000,"rent":9,"fund":9000,"public_utilities":9000,"brown_property":9000,"light_blue_property":9000,"pink_property":9000,"orange_property":9000,"red_property":9000,"yellow_property":9000,"green_property":9000,"navy_blue_property":9000},{"net_worth_grade":900,"hour_num":3,"max_num":10,"shields_max_num":3,"start_cash":10000,"shutdown":1000,"bank_heist":1000,"deduction_cash":10000,"prison_cash":10000,"rent":10,"fund":10000,"public_utilities":10000,"brown_property":10000,"light_blue_property":10000,"pink_property":10000,"orange_property":10000,"red_property":10000,"yellow_property":10000,"green_property":10000,"navy_blue_property":10000},{"net_worth_grade":1000,"hour_num":3,"max_num":10,"shields_max_num":3,"start_cash":10000,"shutdown":1000,"bank_heist":1000,"deduction_cash":10000,"prison_cash":10000,"rent":11,"fund":10000,"public_utilities":10000,"brown_property":10000,"light_blue_property":10000,"pink_property":10000,"orange_property":10000,"red_property":10000,"yellow_property":10000,"green_property":10000,"navy_blue_property":10000},{"net_worth_grade":1100,"hour_num":4,"max_num":20,"shields_max_num":4,"start_cash":10000,"shutdown":1000,"bank_heist":1000,"deduction_cash":10000,"prison_cash":10000,"rent":12,"fund":10000,"public_utilities":10000,"brown_property":10000,"light_blue_property":10000,"pink_property":10000,"orange_property":10000,"red_property":10000,"yellow_property":10000,"green_property":10000,"navy_blue_property":10000},{"net_worth_grade":1200,"hour_num":4,"max_num":20,"shields_max_num":4,"start_cash":10000,"shutdown":1000,"bank_heist":1000,"deduction_cash":10000,"prison_cash":10000,"rent":13,"fund":10000,"public_utilities":10000,"brown_property":10000,"light_blue_property":10000,"pink_property":10000,"orange_property":10000,"red_property":10000,"yellow_property":10000,"green_property":10000,"navy_blue_property":10000},{"net_worth_grade":1300,"hour_num":4,"max_num":20,"shields_max_num":4,"start_cash":10000,"shutdown":1000,"bank_heist":1000,"deduction_cash":10000,"prison_cash":10000,"rent":14,"fund":10000,"public_utilities":10000,"brown_property":10000,"light_blue_property":10000,"pink_property":10000,"orange_property":10000,"red_property":10000,"yellow_property":10000,"green_property":10000,"navy_blue_property":10000},{"net_worth_grade":1400,"hour_num":4,"max_num":20,"shields_max_num":4,"start_cash":10000,"shutdown":1000,"bank_heist":1000,"deduction_cash":10000,"prison_cash":10000,"rent":15,"fund":10000,"public_utilities":10000,"brown_property":10000,"light_blue_property":10000,"pink_property":10000,"orange_property":10000,"red_property":10000,"yellow_property":10000,"green_property":10000,"navy_blue_property":10000},{"net_worth_grade":1500,"hour_num":4,"max_num":20,"shields_max_num":4,"start_cash":10000,"shutdown":1000,"bank_heist":1000,"deduction_cash":10000,"prison_cash":10000,"rent":16,"fund":10000,"public_utilities":10000,"brown_property":10000,"light_blue_property":10000,"pink_property":10000,"orange_property":10000,"red_property":10000,"yellow_property":10000,"green_property":10000,"navy_blue_property":10000},{"net_worth_grade":1600,"hour_num":4,"max_num":20,"shields_max_num":4,"start_cash":10000,"shutdown":1000,"bank_heist":1000,"deduction_cash":10000,"prison_cash":10000,"rent":17,"fund":10000,"public_utilities":10000,"brown_property":10000,"light_blue_property":10000,"pink_property":10000,"orange_property":10000,"red_property":10000,"yellow_property":10000,"green_property":10000,"navy_blue_property":10000},{"net_worth_grade":1700,"hour_num":4,"max_num":20,"shields_max_num":4,"start_cash":10000,"shutdown":1000,"bank_heist":1000,"deduction_cash":10000,"prison_cash":10000,"rent":18,"fund":10000,"public_utilities":10000,"brown_property":10000,"light_blue_property":10000,"pink_property":10000,"orange_property":10000,"red_property":10000,"yellow_property":10000,"green_property":10000,"navy_blue_property":10000},{"net_worth_grade":1800,"hour_num":4,"max_num":20,"shields_max_num":4,"start_cash":10000,"shutdown":1000,"bank_heist":1000,"deduction_cash":10000,"prison_cash":10000,"rent":19,"fund":10000,"public_utilities":10000,"brown_property":10000,"light_blue_property":10000,"pink_property":10000,"orange_property":10000,"red_property":10000,"yellow_property":10000,"green_property":10000,"navy_blue_property":10000},{"net_worth_grade":1900,"hour_num":4,"max_num":20,"shields_max_num":4,"start_cash":10000,"shutdown":1000,"bank_heist":1000,"deduction_cash":10000,"prison_cash":10000,"rent":20,"fund":10000,"public_utilities":10000,"brown_property":10000,"light_blue_property":10000,"pink_property":10000,"orange_property":10000,"red_property":10000,"yellow_property":10000,"green_property":10000,"navy_blue_property":10000},{"net_worth_grade":2000,"hour_num":4,"max_num":20,"shields_max_num":4,"start_cash":10000,"shutdown":1000,"bank_heist":1000,"deduction_cash":10000,"prison_cash":10000,"rent":21,"fund":10000,"public_utilities":10000,"brown_property":10000,"light_blue_property":10000,"pink_property":10000,"orange_property":10000,"red_property":10000,"yellow_property":10000,"green_property":10000,"navy_blue_property":10000},{"net_worth_grade":2100,"hour_num":4,"max_num":20,"shields_max_num":4,"start_cash":10000,"shutdown":1000,"bank_heist":1000,"deduction_cash":10000,"prison_cash":10000,"rent":22,"fund":10000,"public_utilities":10000,"brown_property":10000,"light_blue_property":10000,"pink_property":10000,"orange_property":10000,"red_property":10000,"yellow_property":10000,"green_property":10000,"navy_blue_property":10000},{"net_worth_grade":2200,"hour_num":4,"max_num":20,"shields_max_num":4,"start_cash":10000,"shutdown":1000,"bank_heist":1000,"deduction_cash":10000,"prison_cash":10000,"rent":23,"fund":10000,"public_utilities":10000,"brown_property":10000,"light_blue_property":10000,"pink_property":10000,"orange_property":10000,"red_property":10000,"yellow_property":10000,"green_property":10000,"navy_blue_property":10000},{"net_worth_grade":2300,"hour_num":4,"max_num":20,"shields_max_num":4,"start_cash":10000,"shutdown":1000,"bank_heist":1000,"deduction_cash":10000,"prison_cash":10000,"rent":24,"fund":10000,"public_utilities":10000,"brown_property":10000,"light_blue_property":10000,"pink_property":10000,"orange_property":10000,"red_property":10000,"yellow_property":10000,"green_property":10000,"navy_blue_property":10000},{"net_worth_grade":2400,"hour_num":4,"max_num":20,"shields_max_num":4,"start_cash":10000,"shutdown":1000,"bank_heist":1000,"deduction_cash":10000,"prison_cash":10000,"rent":25,"fund":10000,"public_utilities":10000,"brown_property":10000,"light_blue_property":10000,"pink_property":10000,"orange_property":10000,"red_property":10000,"yellow_property":10000,"green_property":10000,"navy_blue_property":10000},{"net_worth_grade":2500,"hour_num":4,"max_num":20,"shields_max_num":4,"start_cash":10000,"shutdown":1000,"bank_heist":1000,"deduction_cash":10000,"prison_cash":10000,"rent":26,"fund":10000,"public_utilities":10000,"brown_property":10000,"light_blue_property":10000,"pink_property":10000,"orange_property":10000,"red_property":10000,"yellow_property":10000,"green_property":10000,"navy_blue_property":10000},{"net_worth_grade":2600,"hour_num":4,"max_num":20,"shields_max_num":4,"start_cash":10000,"shutdown":1000,"bank_heist":1000,"deduction_cash":10000,"prison_cash":10000,"rent":27,"fund":10000,"public_utilities":10000,"brown_property":10000,"light_blue_property":10000,"pink_property":10000,"orange_property":10000,"red_property":10000,"yellow_property":10000,"green_property":10000,"navy_blue_property":10000},{"net_worth_grade":2700,"hour_num":4,"max_num":20,"shields_max_num":4,"start_cash":10000,"shutdown":1000,"bank_heist":1000,"deduction_cash":10000,"prison_cash":10000,"rent":28,"fund":10000,"public_utilities":10000,"brown_property":10000,"light_blue_property":10000,"pink_property":10000,"orange_property":10000,"red_property":10000,"yellow_property":10000,"green_property":10000,"navy_blue_property":10000},{"net_worth_grade":2800,"hour_num":4,"max_num":20,"shields_max_num":4,"start_cash":10000,"shutdown":1000,"bank_heist":1000,"deduction_cash":10000,"prison_cash":10000,"rent":29,"fund":10000,"public_utilities":10000,"brown_property":10000,"light_blue_property":10000,"pink_property":10000,"orange_property":10000,"red_property":10000,"yellow_property":10000,"green_property":10000,"navy_blue_property":10000},{"net_worth_grade":2900,"hour_num":4,"max_num":20,"shields_max_num":4,"start_cash":10000,"shutdown":1000,"bank_heist":1000,"deduction_cash":10000,"prison_cash":10000,"rent":30,"fund":10000,"public_utilities":10000,"brown_property":10000,"light_blue_property":10000,"pink_property":10000,"orange_property":10000,"red_property":10000,"yellow_property":10000,"green_property":10000,"navy_blue_property":10000},{"net_worth_grade":3000,"hour_num":4,"max_num":20,"shields_max_num":4,"start_cash":10000,"shutdown":1000,"bank_heist":1000,"deduction_cash":10000,"prison_cash":10000,"rent":31,"fund":10000,"public_utilities":10000,"brown_property":10000,"light_blue_property":10000,"pink_property":10000,"orange_property":10000,"red_property":10000,"yellow_property":10000,"green_property":10000,"navy_blue_property":10000},{"net_worth_grade":3100,"hour_num":5,"max_num":50,"shields_max_num":5,"start_cash":10000,"shutdown":1000,"bank_heist":1000,"deduction_cash":10000,"prison_cash":10000,"rent":32,"fund":10000,"public_utilities":10000,"brown_property":10000,"light_blue_property":10000,"pink_property":10000,"orange_property":10000,"red_property":10000,"yellow_property":10000,"green_property":10000,"navy_blue_property":10000},{"net_worth_grade":3200,"hour_num":5,"max_num":50,"shields_max_num":5,"start_cash":10000,"shutdown":1000,"bank_heist":1000,"deduction_cash":10000,"prison_cash":10000,"rent":33,"fund":10000,"public_utilities":10000,"brown_property":10000,"light_blue_property":10000,"pink_property":10000,"orange_property":10000,"red_property":10000,"yellow_property":10000,"green_property":10000,"navy_blue_property":10000},{"net_worth_grade":3300,"hour_num":5,"max_num":50,"shields_max_num":5,"start_cash":10000,"shutdown":1000,"bank_heist":1000,"deduction_cash":10000,"prison_cash":10000,"rent":34,"fund":10000,"public_utilities":10000,"brown_property":10000,"light_blue_property":10000,"pink_property":10000,"orange_property":10000,"red_property":10000,"yellow_property":10000,"green_property":10000,"navy_blue_property":10000},{"net_worth_grade":3400,"hour_num":5,"max_num":50,"shields_max_num":5,"start_cash":10000,"shutdown":1000,"bank_heist":1000,"deduction_cash":10000,"prison_cash":10000,"rent":35,"fund":10000,"public_utilities":10000,"brown_property":10000,"light_blue_property":10000,"pink_property":10000,"orange_property":10000,"red_property":10000,"yellow_property":10000,"green_property":10000,"navy_blue_property":10000},{"net_worth_grade":3500,"hour_num":5,"max_num":50,"shields_max_num":5,"start_cash":10000,"shutdown":1000,"bank_heist":1000,"deduction_cash":10000,"prison_cash":10000,"rent":36,"fund":10000,"public_utilities":10000,"brown_property":10000,"light_blue_property":10000,"pink_property":10000,"orange_property":10000,"red_property":10000,"yellow_property":10000,"green_property":10000,"navy_blue_property":10000},{"net_worth_grade":3600,"hour_num":5,"max_num":50,"shields_max_num":5,"start_cash":10000,"shutdown":1000,"bank_heist":1000,"deduction_cash":10000,"prison_cash":10000,"rent":37,"fund":10000,"public_utilities":10000,"brown_property":10000,"light_blue_property":10000,"pink_property":10000,"orange_property":10000,"red_property":10000,"yellow_property":10000,"green_property":10000,"navy_blue_property":10000},{"net_worth_grade":3700,"hour_num":5,"max_num":50,"shields_max_num":5,"start_cash":10000,"shutdown":1000,"bank_heist":1000,"deduction_cash":10000,"prison_cash":10000,"rent":38,"fund":10000,"public_utilities":10000,"brown_property":10000,"light_blue_property":10000,"pink_property":10000,"orange_property":10000,"red_property":10000,"yellow_property":10000,"green_property":10000,"navy_blue_property":10000},{"net_worth_grade":3800,"hour_num":5,"max_num":50,"shields_max_num":5,"start_cash":10000,"shutdown":1000,"bank_heist":1000,"deduction_cash":10000,"prison_cash":10000,"rent":39,"fund":10000,"public_utilities":10000,"brown_property":10000,"light_blue_property":10000,"pink_property":10000,"orange_property":10000,"red_property":10000,"yellow_property":10000,"green_property":10000,"navy_blue_property":10000},{"net_worth_grade":3900,"hour_num":5,"max_num":50,"shields_max_num":5,"start_cash":10000,"shutdown":1000,"bank_heist":1000,"deduction_cash":10000,"prison_cash":10000,"rent":40,"fund":10000,"public_utilities":10000,"brown_property":10000,"light_blue_property":10000,"pink_property":10000,"orange_property":10000,"red_property":10000,"yellow_property":10000,"green_property":10000,"navy_blue_property":10000},{"net_worth_grade":4000,"hour_num":5,"max_num":50,"shields_max_num":5,"start_cash":10000,"shutdown":1000,"bank_heist":1000,"deduction_cash":10000,"prison_cash":10000,"rent":41,"fund":10000,"public_utilities":10000,"brown_property":10000,"light_blue_property":10000,"pink_property":10000,"orange_property":10000,"red_property":10000,"yellow_property":10000,"green_property":10000,"navy_blue_property":10000}]}